20001,AAAA BHI JA ,TEESRI KASAM ,LATA MANGESHKAR 
20002,AA AB LAUT CHALE ,JIS DESH MEIN GANGA BEHTI HAI ,MUKESH, LATA 
20003,AA CHAL KE TUJHE ,DOOR GAGAN KI CHHAON MEIN ,KISHOE KUMAR 
20004,AA DIL SE DIL MILA LE ,NAVRANG ,ASHA BHOSLE 
20005,AA GALE LAG JA ,APRIL FOOL ,MOHD. RAFI 
20006,AA JAANEJAAN ,INTEQAM ,LATA MANGESHKAR 
20007,AA JAO TADAPTE HAI ,AAWAARA ,LATA MANGESHKAR 
20008,AA MERE HUMJOLI AA ,JEENE KI RAAH ,LATA, MOHD. RAFI 
20009,AA MERI JAAN ,CHANDNI ,LATA MANGESHKAR 
20010,AADAMI ZINDAGI ,VISHWATMA ,MOHD. AZIZ 
20011,AADHA HAI CHANDRAMA ,NAVRANG ,MAHENDRA & ASHA BHOSLE 
20012,AADMI MUSAFIR HAI ,APNAPAN ,LATA, MOHD. RAFI 
20013,AAGE BHI JAANE NATU ,WAQT ,ASHA BHOSLE 
20014,AAH KO CHAHIYE ,MIRZA GAALIB ,JAGJEET SINGH 
20015,AAHA AYEE MILAN KI BELA ,AYEE MILAN KI BELA ,ASHA, MOHD. RAFI 
20016,AALAALYA SOOKU SOOKU ,JUNGLEE ,MOHD. RAFI 
20017,AAINA BATA KAISE ,MOHABBAT ,SONU NIGAM, VINOD 
20018,AAJ HAI DO OCTOBER KA DIN ,PARIVAR ,LATA MANGESHKAR 
20019,AAJ KAL PAANV ZAMEEN PAR ,GHAR ,LATA MANGESHKAR 
20020,AAJ KI RAAT PIYA ,BAAZI ,GEETA DUTT 
20021,AAJ KI SHAAM ,TAWAIF ,ASHA BHOSLE 
20022,AAJ MADAHOSH HUA JAAYE RE ,SHARMILEE ,LATA, KISHORE 
20023,AAJ MAIN JAWAAN HO GAYI HOON ,MAIN SUNDAR HOON ,LATA MANGESHKAR 
20024,AAJ MAUSAM BADA BEIMAAN HAI ,LOAFER ,MOHD. RAFI 
20025,AAJ MERE MAAN MAIN SAKHI ,AAN ,LATA MANGESHKAR 
20026,AAJ MERE YAAR KI SHAADI HAI ,AADMI SADAK KA ,MOHD.RAFI 
20027,AAJ NA CHHODENGE ,KATI PATANG ,KISHORE KUMAR, LATA 
20028,AAJ PHIR JEENE KI ,GUIDE ,LATA MANGESHKAR 
20029,AAJ PURANI RAAHON SE ,AADMI ,MOHD. RAFI 
20030,AAJ RAAT CHANDNI ,KAL KI AWAZ ,KUMAR SANU,SADHANA 
20031,AAJ RAAT HAI JAWAN ,BHAI BHAI(1970) ,ASHA BHOSLE 
20032,AAJ SE PEHLE ,CHITCHOR ,K.J. YESUDAS 
20033,AAJ SOCHA TO ,HANSTE ZAKHM ,LATA MANGESHKAR 
20034,AAJ TERE NAINA MILKE ,EHSAAN ,MOHD. RAFI,ASHA 
20035,AAJA AAJA MAIN HOON ,TEESRI MANZIL ,MOHD.RAFI,ASHA 
20036,AAJA GUFAAON MEIN AA ,AKS ,VASUNDHARA DAS, K.K 
20037,AAJA KE INTEZAR ME ,HALAAK00 ,LATA MANGESHKAR, MOHD.RA 
20038,AAJA MERI BARBAAD MOHABBAT ,ANMOL GHADI ,NOOR JEHAN 
20039,AAJA PANCHHI AKELAI HAI ,NAU DO GYARAH ,MOHD. RAFI, ASHA 
20040,AAJA RE ,AAH ,LATA MANGESHKAR & MUKESH 
20041,AAJA RE AA ZARA AA ,LOVE IN TOKYO ,MOHD. RAFI 
20042,AAJA RE 0 MERE ,NOORI ,LATA, NITIN MUKESH 
20043,AAJA RE PYAAR PUKAARE ,DIL NE PHIR YAAD KIYA ,LATA MANGESHKAR 
20044,AAJA SHAAM HONE AAYI ,MAINE PYAAR KIYA ,LATA MANGESHKAR & S.P.B. 
20045,AAJAA SANAM MADHUR CHANDNI MEIN HUM ,CHORI CHORI ,LATA MANGESHKAR, MANNA DEY 
20046,AAJKAL TERE MERE PYAR KE ,BRAMHACHARI ,SUMAN KALYANPUR, MOHD.RAFI 
20047,AAKE SEEDHI LAGI DIL PE ,HALF TICKET ,KISHORE KUMAR 
20048,AAKHON AAKHON MEIN BAAT HONE DO ,MEHEL ,ASHA BHOSLE & KISHOR KUMAR 
20049,AAKHON MAI KYA JI ,NAU DO GYARAH ,ASHA BHOSLE.KISHORE KUMAR 
20050,AAKHON SE JO UTRI HAI DIL MAIN ,PHIR WAHI DIL LAYA HOON ,ASHA BHOSLE 
20051,AALI RE AALIRE HOLI ,ZAKHMEE(1975) ,KISHORE KUMAR 
20052,AALI RE SAALI RE ,ONE KILLED JESSICA ,SONU KAKKAR,ANUSHKA 
20053,AAN MILO SAJNA ,AAN MILO SAJNA ,LATA MANGESHKAR, MOHD.RAFI 
20054,AANE SE USKE AAYE BAHAAR ,JEENE KI RAAH ,MOHD. RAFI & BHUPINDER 
20055,AANEWALA PAL ,GOLMAAL ,KISHORE KUMAR 
20056,AANKHON MEIN HAI KYA ,VISHWATMA ,MO.AZIZ,UDIT,ALKA 
20057,AANKHON MEIN QAYAMAT KE ,KISMAT(1968) ,MAHENDRA KAPOOR 
20058,AANKI CHALI BANKI CHALI ,NAMKEEN ,ASHA BHOSLE 
20059,AAO BACHCHON TUMHEN DIKHAYEN ,JAGRITI ,PRADEEP 
20060,AAO TUMHE CHAAND PE ,ZAKHMEE ,LATA,SUSHMA SHRESTHA 
20061,AAP AAYE BAHAR AAYI ,AAP AAYE BAHAAR AAYI ,MOHD. RAFI 
20062,AAP KA AANA ,KURUKSHETRA ,ALKA, KUMAR SANU 
20063,AAP KI AANKHON MEIN KUCH ,GHAR ,LATA, KISHORE KUMAR 
20064,AAP KI INAAYATEN ,VANDANA ,LATA MANGESHKAR 
20065,AAP KI NAZARON NE SAMJHA ,ANPADH ,LATA MANGESHKAR 
20066,AAP MUJHE ACHHE ,JEENE KI RAAH ,LATA MANGESHKAR 
20067,AAP YAHAN AAYE KIS LIYE ,KAL AAJ AUR KAL ,KISHORE, ASHA 
20068,AAP YUN HI IAGAR ,EK MUSAFIR EK HASEENA ,ASHA BHOSLE, MOHD. RAFI 
20069,AAPKE HASEEN RUKH PE ,BAHAAREN FIR BHI AAYENGI ,MOHD. RAFI 
20070,AAPKE PEHLOON MEIN AAKAR RO DIYE ,MERA SAAYA ,MOHD. RAFI 
20071,AAPNE YAAD DILAAYA TO ,AARTI ,MOHD. RAFI,LATA MANGESHKAR 
20072,AAPSE PYAAR HUA ,AABROO ,ASHA BHOSLE 
20073,AASHAON KE SAAWAN MEIN ,AASHA ,MOHD. RAFI, LATA 
20074,AASHIQIE MEIN HAD SE ,THE GENTLEMAN ,VINOD RATHOD.SADHANA 
20075,AASMAAN SE AAYA FARISHTA ,AN EVENING IN PARIS ,MOHD. RAFI 
20076,AASMAN KE NEECHE ,JEWEL THIEF ,KISHORE, LATA 
20077,AATE JAATE HASTE GAATE ,MAINE PYAAR KIYA ,LATA MANGESHKAR & S.P.B. 
20078,AATE JAATE KHOOBSURAT AAWARA SADKON PE ,ANURODH ,KISHORE KUMAR 
20079,AAWAAZ DE KAHAAN HAI ,ANMOL GHADI ,NOOR JAHAAN & SURENDRA 
20080,AAWARAPAN BANJARAPAN ,JISM ,K.K. 
20081,AAYA SAAWAN JHOOM KE ,AAYA SAAWAN JHOOM KE ,MOHD. RAFI, LATA 
20082,AAYA SANAM AAYA DEEWANA ,BADE DILWALA ,KISHORE KUMAR 
20083,AAYE TUM YAAD MUJHE ,MILI ,KISHORE KUMAR 
20084,AAYEGA AAYEGA AANEWALA ,MEHAL ,LATA MANGESHKAR 
20085,AAYEGI AAYEGI AAYEGI ,JAANEMAN ,LATA MANGESHKAR 
20086,AAYI AAYI MAIN TO AAYI ,JAANI DOST ,KISHORE KUMAR,ASHA 
20087,AAYINA HAI MERA CHEHRA ,AAYINA ,ASHA BHOSLE, SURESH WADKAR 
20088,AAYIYE MEHERBAAN ,HOWRAH BRIDGE ,ASHA BHOSLE 
20089,AAZMAALE AAZMAALE ,TAXI NO. 9211 ,SHEKHAR RAVJIANI 
20090,AB CHAAHE MAA RUTHE ,DAAG(1973) ,LATA,KISHORE KUMAR 
20091,AB KE BARAS TUJHE ,KRANTI ,MAHENDRA KAPOOF 
20092,AB KE SAAWAN MEIN ,DIL\ L PYAAR VYAAR ,SADHNA SARGAM, BAABULS 
20093,AB KE SAJAN SAAVAN MEIN ,CHUPKE CHUPKE ,LATA MANGESHKAR 
20094,AB KYA MISAAL DUN ,AARTI ,MOHD. RAFI 
20095,AB TAK HAI PURI AZADI ,KUDRAT(1998) ,ABHIJEET.POORNIMA 
20096,AB TERE DIL MEIN HUM ,AARZ00(1999) ,KUMAR SANU,ALKA 
20097,AB TO HAIN TUM SE ,ABHIMAAN ,LATA MANGESHKAR 
20098,AB TO MUSKURAIYE ,RANU MUKHERJEE ,DO DOONI CHAR 
20099,ABHI NA JAO CHHOD KAR ,HUM DONO ,ASHA BHOSLE & MOHD.I RAFI 
20100,ABHI TO HUM HUE ,BULUNDI ,KISHORE KUMAR 
20101,ACHCHI LAGTI HO ,KUCHH NA KAHO ,UDIT NARAYAN, KAVITA K. 
20102,ACHHA JEE MAIN HAARI ,KALA PAANI ,MOHD.RAFI, ASHA 
20103,ACHHA TO HUM CHALTE HAIN ,AAN MILO SAJANA ,LATA, KISHORE KUMAR 
20104,AE CHAAND ZARA CHHUPJAA ,LAAT SAHEB ,ASHA,MOHD. RAFI 
20105,AE DIL MUJHE BATA DE ,BHAI BHAI ,GEETA DUTT 
20106,AE KAASH KISI DEEWANE KO ,AAYE DIN BAHAAR KE ,ASHA, LATA 
20107,AE KHUDA SHUKRA TERA ,RAZIA SULTAN ,MAHENDRA KAPOOR BHUPINDER 
20108,AE MALIK TERE ,DO AANKHEN BARAH HAATH ,LATA MANGESHKAR 
20109,AE MERE DIL KAHIN. AUR CHAL ,DAAG(1952) ,TALAT MEHMOOD 
20110,AE MERI JOHRAJABI ,WAQT(1965) ,MANNA DEY 
20111,AE MOHABBAT TERI DASTAN ,KARMA ,ANURADHA PAUDWAL 
20112,AE MOHABBAT ZINDABAD ,MUGHAL E AAZAM ,MOHD. RAFI 
20113,AE OH AA ZARA MUDKE ,DISCO DANCER ,KISHORE KUMAR 
20114,AE PHOOLON KI RAANI ,AARZ00 ,MOHD. RAFI 
20115,AE YAAR SUN YAARI TERI ,SUHAAG ,ASHA,RAFI,SHAILENDRA 
20116,AEY BHAAI ZARA ,MERA NAAM JOKER ,MANNA DEY 
20117,AEY NARGISE MASTANA ,AARZ00 ,MOHD. RAFI 
20118,AFSANA LIKH RAHI HOON ,DARD(1947) ,UMA DEVI 
20119,AGAR MUJHSE MOHABBAT ,AAP KI PARCHHAIYAAN ,LATA MANGESHKAR 
20120,AGAR TUM MIL JAO ,ZEHER ,SHREYA GHOSHAL 
20121,AISA LAGTA HAI ,REFUGEE ,ALKA,SONU NIGAM 
20122,AISI HASEEN CHAANDNI ,DARD(1981) ,KISHORE KUMAR 
20123,AISI RANG DE PIYA ,BABU ,LATA, KISHORE KUMAR 
20124,AJA PIYA TOHE PYAR DUN ,BAHARON KE SAPNE ,LATA MANGESHKAR 
20125,AJEEB DAASTAN HAI YEH ,DIL APNA AUR PREET PARAI ,LATA MANGESHKAR 
20126,AJI ROOTH KAR AB ,AARZ00 ,LATA MANGESHKAR 
20127,AKELA CHAL CHALA CHAL ,FAKIRA ,HEMLATA 
20128,AKELE AKELE KAHAAN JAA RAHE HO ,AN EVENING IN PARIS ,MOHD. RAFI 
20129,AKELE HAIN ,RAAZ ,LATA MANGESHKAR 
20130,AKELE HI AKELE ,GOPI ,LATA MANGESHKAR 
20131,AKHIYAN BHOOL GAYI HAI SONA ,GUNJ UTHI SHEHNAAY| ,GEETA ROY, LATA 
20132,ALLAH TERO NAAM ,HUM DONO ,LATA MANGESHKAR 
20133,AMIRON KI SHAAM ,NAAM ,MOHD. AZIZ 
20134,AN EVENING IN PARIS ,AN EVENING IN PARIS ,MOHD. RAFI 
20135,ANG SE ANG LAGANA ,DARR ,ALKA,SUDESH,VINOD 
20136,ANGREZI MEIN KEHTE HAI ,KHUDDAR ,LATA, KISHORE KUMAR 
20137,ANHKON MEIN TUM ,HALF TICKET ,GEETA DUTT, KISHORE KUMAR 
20138,ANKHIYAN MILA KE ,RATTAN ,ZOHRABAI LAMBALAWALI 
20139,ANKHIYON KE JHAROKON SE ,ANKHIYON KE JHAROKON SE ,HEMLATA 
20140,ANKHIYON KO RAHNE DE ,BOBBY ,LATA MANGESHKAR 
20141,ANKHON HI ANKHON MEIN ,C.I.D. ,GEETA DUTT, MOHD. RAFI 
20142,APKE ANURODH PE ,ANURODH ,KISHORE KUMAR 
20143,APLAM CHAPLAM CHAPALAA RE ,AAZAD ,USHA MANGESHKAR 
20144,APNA JEEVAN RAIL KI ,LOVE MARRIAGE(1984) ,SHABBIR,ANURADHA 
20145,APNI AANKHON KE ,POLICE AUR MUJRIM ,MOHD. AZIZ,SADHANA 
20146,APNIAAZADI KO HUM ,JAAGRUTI ,MOHD. RAFI 
20147,APNIAPNI BIWI PE ,DO RAASTE ,LATA MANGESHKAR 
20148,APNI SANTOSHI MAA ,JAI SANTOSHI MAA ,MAHENDRA KAPOOR 
20149,APRIL FOOL BANAYA ,APRIL FOOL ,MOHD. RAFI 
20150,ARE HAAY HAAY YEH MAZBOORI ,ROTI KAPDA AUR MAKAAN ,LATA MANGESHKAR 
20151,ARE JAANE KAISE KAB ,SHAKTI ,LATA,KISHORE KUMAR 
20152,ARE KAR LE JO BHI ,DHOOL KA PHOOL ,MAHENDRA KAPOOR 
20153,ARE NANANANA ,AAR PAAR ,GEETA DUTT, MOHD. RAFI 
20154,ARE SASU TEERATH ,SAUTAN ,KISHORE KUMAR 
20155,ARE SUN BHAI SAADHO ,JAANI DUSHMAN ,ASHA,MAHENDRA,KISHOR 
20156,ASSA HUN TUR JANAYE ,ARPAN ,LATA JI SURESH WADKAR 
20157,AUR IS DIL MEIN ,IMAANDAR ,SURESH WADEKAR,ASHA BHOSLE 
20158,AUR NAHEE BAS AUR NAHI ,ROTI KAPDA AUR MAKAAN ,MAHENDRA KAPOOR 
20159,AWAARA BHANWRE ,SAPNAY ,HEMA,MALAYSIA 
20160,AWAARA HOON ,AAWAARA ,MUKESH 
20161,AWAARA PAGAL DEEWANA ,AWAARA PAGAL DEEWANA ,SUNIDHI,SHAAN 
20162,AWAZ DO HUMKO ,DUSHMAN ,LATA, UDIT NARAYAN 
20163,AYE BEKHABAR ,ZEHER ,K.K,SHREYA,ATIF,UDIT 
20164,AYE DIL E NADAN ,RAZIA SULTAN ,LATA MANGESHKAR 
20165,AYE DIL MUJHE AISI ,AARZ00 (OLD) ,TALAT MEHMOOD 
20166,AYE GULBADAN AYE GULBADAN ,PROFESSOR ,MOHD. RAFI 
20167,AYE MERE PYAARE VATAN ,KAABULI WALA ,MANNA DEY 
20168,AYHELE DIL YUN BHI ,DARD ,LATA MANGEHSKAR 
20169,BAABU SAMJHO ISHAARE ,CHALTI KA NAAM GAADI ,KISHORE KUMAR, MANNA DEY 
20170,BAABUL JO TUMNE SIKHAAYA ,HUM AAPKE HAIN KAUN ,SHARDA SINHA 
20171,BAABUL KI DUAAYEN LETI JA ,NEEL KAMAL ,MOHD. RAFI 
20172,BAADAL YUN GARJTA HAI ,BETAAB ,LATA, SHABBIR KUMAR 
20173,BAAGON KI TU RAANI ,JAANI DOST ,KISHORE KUMAR,ASHA 
20174,BAAGON MEIN KAISE ,CHUPKE CHUPKE ,LATA,MUKESH 
20175,BAAHON MEIN CHALE AAO ,ANAMIKA ,LATA MANGESHKAR 
20176,BAAHON MEIN TERI MASTI ,KAALA PATTHAR ,MOHD. RAFI,LATA 
20177,BAAP KI JAGAH MAA LE SAKTI HAI ,DARD KA RISHTA ,KISHORE KUMAR 
20178,BAAR BAAR DEKHO HAZAAR BAAR DEKHO ,CHINA TOWN ,MOHD. RAFI 
20179,BAAR BAAR DIN YE AAYE ,FARZ ,MOHD. RAFI 
20180,BABALU BABALU BA BA ,JHUMROO ,KISHORE KUMAR,ASHA 
20181,BABUJI DHEERE CHALNA ,AAR PAAR ,GEETA DUTT 
20182,BACHCHE MANN KE SACHCHE ,DO KALIYAN ,LATA MANGESHKAR 
20183,BADA NATKHAT HAI RE ,AMAR PREM ,LATA MANGESHKAR 
20184,BADA SHAITAN HAI DIL ,IMAANDAAR ,KISHORE KUMAR 
20185,BADAN PE SITAARE ,PRINCE ,MOHD. RAFI 
20186,BADE ARMAANON SE ,MALHAR ,LATA,MUKESH 
20187,BADI SUNI SUNI HAI ,MILI ,KISHORE KUMAR 
20188,BAGHON MEIN BAHAAR HAI ,ARADHANA ,LATA MANGESHKAR,MOHD.RAF 
20189,BAHUT DER KAR DI ,TAWAIF ,ASHA BHOSLE 
20190,BAHUT KAT CHUKA HAI ,MOHABBAT KE DUSHMAN ,ASHA BHOSLE 
20191,BAHUT SHUKRIYA BADI MEHARBAANI ,EK MUSAFIR EK HASINA ,MOHD.RAFI,ASHA 
20192,BAIYAN NA DHARO ,DASTAK(1970) ,LATA MANGESHKAR 
20193,BALMA BADA NADAAN RE ,ALBELA ,LATA MANGESHKAR 
20194,BAMBAI NAGARIYA ,TAXI NO. 9211 ,BAPPI LAHARI 
20195,BAMBAI SE AAYA MERA DOST ,AAP KI KHATIR ,BAPPI LAHIRI 
20196,BAN THAN ,KURUKSHETRA ,SUKHWINDER,SUNIDH 
20197,BANAKE KYUN BIGAADA RE ,ZANJEER ,LATA MANGESHKAR 
20198,BANDA PARWAR ,PHIR WAHI DIL LAAYA HOON ,MOHD. RAFI 
20199,BANDA YEH BINDAS HAI ,AKS ,K.K, KUNAL 
20200,BANGLA GAADI JHUMKE ,CHHUPA RUSTAM(2000) ,ALKA YAGNIK 
20201,BANNO KI LAAYEGI ,AAINA ,PAMELA CHOPRA 
20202,BANNO TERI ANKHIYA SURMEDANI ,DUSHMANI ,SAPNA AVASTI 
20203,BARSAAT MEIN HUMSE MILE ,BARSAAT ,LATA MANGESHKAR 
20204,BECHAIN MERA YE DIL HAI ,YEH MOHABBAT HAI ,UDIT NARAYAN,ALKA 
20205,BECHARA DIL KYA KARE ,KHUSHBOO ,ASHA BHOSLE 
20206,BEDARDI BAALAMA TUJHKO ,ARZ00(1965) ,LATA MANGESHKAR 
20207,BEDARDI TERE PYAR NE ,HEENA ,LATA MANGESHKAR 
20208,BEETE HUE LAMHO KI ,NIKAAH ,MAHENDRA KAPOOR 
20209,BEETI NA BITAAYI RAINA ,PARICHAY ,LATA MANGESHKAR. BHUPINDER 
20210,BEKHUDI ,TAXI NO. 9 2 11 ,SHAAN 
20211,BEKHUDI MEIN SANAM ,HASEENA MAAN JAAYEGI ,LATA JI, MOHD. RAFI 
20212,BEQARAAR KARKE HUMEN ,BEES SAAL BAAD(1961) ,HEMANT KUMAR 
20213,BETAAB DIL KI TAMANNA ,HANSTE ZAKHM ,LATA MANGESHKAR 
20214,BHAGI RE BHAGI ,RAJPUT ,MAHENDRA.MANHAR,ASHA 
20215,BHAI BATTOOR ,PADOSAN ,LATA MANGESHKAR 
20216,BHAIYA MERE ,CHHOTI BAHEN ,LATA MANGESHKAR 
20217,BHALI BHALI SI ,BUDDHA MIL GAYA ,ASHA BHOSLE, KISHORE KUMAR 
20218,BHANVARE NE KHILAYA PHOOL ,PREMROG ,LATA, SURESH WADKAR 
20219,BHANWARA BADA NAADAN ,SAHIB BIBI AUR GHULAM ,ASHA BHOSLE 
20220,BHANWARE KI GUNJAN ,KAL AAJ AUR KAL ,KISHORE KUMAR 
20221,BHARAT KA REHNA WALA HOOI ,PURAB AUR PACHHIM ,MAHENDRA KAPOOR 
20222,BHEED MEIN TANHAAI MEIN ,TUMSA NAHIN DEKHA ,UDIT, SHREYA GHOSHAL 
20223,BHEEGE HONTH TERE ,MURDER ,KUNAL GANJAWALA 
20224,BHEEGI BHEEGI RAATON MEIN ,AJNABI ,LATA, KISHORE KUMAR 
20225,BHEEGI BHEEGI SI HAI ,GANGSTER ,JAMES 
20226,BHOLE RE SAJAN ,BADHTI KA NAAM DAADHI ,KISHORE KUMAR 
20227,BHOLI SURAT DIL KE KHOTE ,ALBELA ,LATA.CHITALKAR 
20228,BHOR BHAYE PANGHAT PE ,SATYAM SHIVAM SUNDARAM ,LATA MANGESHKAR 
20229,BIN SAAJAN JHOOLA JHOOLUN ,DAMINI ,SANU,SADHANA SARGAM 
20230,BOL BABY BOL ,MERI JUNG ,KISHORE,S.JANAKI 
20231,BOL MERI TAQDEER ,HARIYALI AUR RAASTA ,LATA. JI, MOHD. RAFI 
20232,BOL RADHA BOL SANGAM ,SANGAM ,MUKESH 
20233,BOL RI KATHAPUTLI ,KATHPUTLI ,LATA MANGESHKAR 
20234,BOLO BOLO ,REHNA HAI TERE DIL MEIN ,SHAAN 
20235,BOOJH MERA KYA NAAM RE ,C.I.D. ,SHAMSHAD BEGUM 
20236,BOONDON SE BAATEN ,TAQSHAK ,SUJATA TRIVEDI 
20237,BORO BORO BURE BURE ,BLUFF MASTER ,ARASH 
20238,BUJHA DO DEEPAK ,DARPAN ,KISHORE KUMAR 
20239,BURA MAT SUNO ,AAYA SAAWAN JHOOM KE ,MOHD. RAFI 
20240,BURA NA MANO ,AADMI SADAK KA ,MOHD. RAFI,ANURADHA 
20241,BUS MERI JAAN BUS ,AANCHAL ,LATA, KISHORE KUMAR 
20242,BUS YEHI APRAADH MAIN HAR BAAR ,PEHCHAN ,MUKESH 
20243,CAT CAT ,DILLI KA DHAG ,ASHA BHOSLE, KISHORE KUMAR 
20244,CHAAND JAISE MUKHDE PE ,SAAWAN KO AANE DO ,K. YESUDAS 
20245,CHAAND MERA DIL ,HUM KISISE KAM NAHI ,MOHD. RAFI 
20246,CHAAND SI MEHB00BA ,HIMAALAY KI GOD MEIN ,MUKESH 
20247,CHAAND SITARE PHOOL ,KAHO NA PYAAR HAI ,KUMAR SANU 
20248,CHAANDANI 0 MERI CHAANDANI ,CHHANDANI ,JOLLY MUKHARJEE, SRIDEVI 
20249,CHADHTI JAWAANI MERI ,CARAVAN ,LATA, MOHD. RAFI 
20250,CHAHE RAHO DOOR ,DO CHOR ,LATA, KISHORE KUMAR 
20251,CHAHIYE THODA PYAAR ,LAHOO KE DO RANG ,KISHORE KUMAR 
20252,CHAHUNGA MAIN TUJHE ,DOSTI ,MOHD. RAFI 
20253,CHAKKE MEIN CHAKKA ,BRAHMACHARI ,MOHD. RAFI 
20254,CHAL AKELA CHAL AKELA ,SAMBANDH ,MUKESH 
20255,CHAL CHAL MERE SAATHI ,HAATHI MERE SAATHI ,KISHORE KUMAR 
20256,CHAL CHALEN AE DIL ,JHEEL KE US PAAR ,LATA MANGESHKAR 
20257,CHAL CHAMELI BAAG MEIN ,KRODHI ,LATA,SURESH WADKAR 
20258,CHAL DARIYA MEIN ,PREM KAHANI ,LATA,KISHORE KUMAR 
20259,CHALAT MUSAFIR ,TEESRI KASAM ,MANNA DEY 
20260,CHALE JAANA NAHI ,BADI BAHEN ,LATA MANGESHKAR 
20261,CHALE JANA ZARA TEHRO ,AROUND THE WORLD ,MUKESH, SHARDA 
20262,CHALE THE SAATH MILKAR ,HASINA MAAN JAYEGI ,MOHD. RAFI 
20263,CHALI CHALI RE PATANG ,BHABHI ,LATA, MOHD. RAFI 
20264,CHALI MERI DULHAN KI DOLI ,DARPAN ,MOHD. RAFI 
20265,CHALO DILDAR CHALO ,PAKEEZHA ,LATA, MOHD. RAFI 
20266,CHALO EK BAAR PHIR SE ,GUMRAAH ,MAHENDRA KAPOOR 
20267,CHALO RE DOLI UTHAAO ,JAANI DUSHMAN ,MOHD. RAFI 
20268,CHALO TUMKO LEKAR CHALE ,JISM ,SHREYA GHOSHAL 
20269,CHALTE CHALTE YUN HI KOI ,PAKEEZHA ,LATA MANGESHKAR 
20270,CHALTI KA NAAM ZINDAGI ,CHALTI KA NAAM ZINDAGI ,KISHORE,MAHENDRA 
20271,CHANA ZOR GARAM ,KRANTI ,LATA,KISHORE,RAFI 
20272,CHAND AAHEN BHAREGA ,PHOOL BANE ANGAARE ,MUKESH 
20273,CHANDA HAI TU ,ARADHANA ,LATA MANGESHKAR 
20274,CHANDA KO DHUNDNE ,JEENE KI RAAH ,ASHA,USHA,HEMLATA 
20275,CHANDA 0 CHANDA ,LAAKHON MEIN EK ,LATA MANGESHKAR 
20276,CHANDA RE CHANDA RE ,SAPNEY ,HARIHARAN, SADHANA 
20277,CHANDAN SA BADAN ,SARASWATI CHANDRA ,MUKESH 
20278,CHANDI KI DEEWAR NA TODI ,VISHWAAS ,MUKESH 
20279,CHANDNI RAAT MEIN ,DIL-E-NADAAN ,LATA,KISHORE KUMAR 
20280,CHANDRALEKHA ,CHOR CHOR ,ANUPAMA, A.R. REHMAN 
20281,CHAUDAHVEEN KA CHAAND ,CHAUDHAVEEN KA CHAAND ,MOHD. RAFI 
20282,CHEHRE PE GIRE ZULFEN ,SURAJ ,MOHD. RAFI 
20283,CHHALIYA MERA NAAM ,CHHALIA (1960) ,MUKESH 
20284,CHHALKE TERI AANKHON SE ,ARZ00(1965) ,MOHD. RAFI 
20285,CHHOD DE SARI DUNIYA ,SARASWATI CHANDRA ,LATA MANGESHKAR 
20286,CHHODO KAL KI BAATEIN ,HUM HINDUSTANI ,MUKESH 
20287,CHHODO SANAM KAAHE KA GAM ,KUDRAT ,KISHORE, ANETTE 
20288,CHHOO LENE DO ,KAAJAL ,MOHD. RAFI 
20289,CHHOTI SI KAHANI SE ,IJAAZAT ,ASHA BHOSLE 
20290,CHHOTI SI IYEH ZINDAGANI ,AAH ,MUKESH 
20291,CHHUP GAYE SARE NAZARE ,DO RAASTEN ,LATA, MOHD. RAFI 
20292,CHHUPA LO YUN DIL ,MAMTA ,HEMANT KUMAR, LATA 
20293,CHIDIYA CHIDIYA ,DUSHMAN(1998) ,CHORUS 
20294,CHIL CHIL CHILLA KE ,HALF TICKET ,KISHORE KUMAR 
20295,CHINGARI KOI BHADKE ,AMARPREM ,KISHORE KUMAR 
20296,CHIRAG DIL KA JALAAO ,CHIRAG ,MOHD. RAFI 
20297,CHITTHI NA KOI SANDES ,DUSHMAN ,JAGJIT SINGH 
20298,CHOCLATE LIME JUICE ,HUM AAPKE HAIN KAUN ,LATA MANGESHKAR 
20299,CHORI CHORI ,OM JAI JAGDISH ,SONU NIGAM, ALKA YAGNIK 
20300,CHORI CHORI KOI AAYE ,NOORIE ,LATA MANGESHKAR 
20301,CHOTI SI UMAR MEIN ,BAIRAAG ,LATA MANGESHKAR 
20302,CHUN CHUN GHUNGARU BOLE ,FAAGUN ,ASHA BHOSLE 
20303,CHUN CHUN KARTI AAYI ,AB DILLI DOOR NAHIN ,MOHD. RAFI 
20304,CHUP CHUP KHADE HO ,BADI BAHEN ,LATA,PREMLATA 
20305,CHUPKE CHUPKE RAAT DIN ,NIKAAH ,GHULAM ALI 
20306,CHURA LIYA HAI TUMNE JO DIL KO ,YAADON KI BARAAT ,ASHA BHOSLE, MOHD. RAFI 
20307,CHURAAYA CHURAAYA ,REHNA HAI TERE DIL MEIN ,PREETI, PINKY 
20308,CRY CRY ,JHOOTA HI SAHI ,SHREYA, RASHID ALI 
20309,DAFLI WALE DAFLI BAJA ,SARGAM ,LATA, MOHD.RAFI 
20310,DAGA DAGA VAI VAI VAI ,KALITOPILAL RUMAL ,LATA MANGESHKAR 
20311,DAM BHAR J UDHAR MUH ,AAWARA ,LATA,MUKESH 
20312,DARDE DIL DARDE JIGAR ,KARZ ,MOHD. RAFI 
20313,DARIYA KINARE EK ,SABSE BADA RUPAIYA ,LATA,KISHORE KUMAR 
20314,DARWAZA BAND KAR LO ,DARR ,LATA,ABHIJEET 
20315,DE DAARU ,KARMA ,KISHORE,MANHAR 
20316,DE DE PYAAR DE ,SHARAABI ,KISHORE KUMAR 
20317,DEEWANA HUA BAADAL ,KASHMIR KI KALI ,MOHD.RAFI.ASHA BHOSLE 
20318,DEEWANA MUJH SA NAHIN ,TEESARI MANZIL ,MOHD. RAFI 
20319,DEEWANE KA NAAM TO PUCHHO ,AN EVENING IN PARIS ,MOHD. RAFI 
20320,DEEWANON SE YEH MAT PUCHHO ,UPKAAR ,MUKESH 
20321,DEKH CHAAND KI AUR ,AAG ,S. BEGUM,SHAILESH 
20322,DEKH KE YE ROOMAL ,BEKHUDI ,ASHA BHOSLE 
20323,DEKH TERE SANSAR Kl HAALAT ,NASTIK ,PRADIP 
20324,DEKHA EK KHWAB TO YE ,SILSILA ,LATA, KISHORE KUMAR 
20325,DEKHA NA HAYE RE ,BOMBAY TO GOA ,KISHORE KUMAR 
20326,DEKHO MAINE DEKHA ,LOVE STORY ,LATA, AMIT KUMAR 
20327,DEKHO ROOTHA NA KARO ,TERE GHAR KE SAMNE ,LATA,MOHD. RAFI 
20328,DENEWALA ,HERA PHERA ,ABHIJEET,VINOD 
20329,DHAL GAYA I DIN ,HUMJOLI ,ASHA, MOHD. RAFI 
20330,DHANYA BHAAG SEVA KA ,SUR SANGAM ,RAJAN,SAJAN,KAVITAK 
20331,DHEERE DHEERE ,KALYUG ,ALISHA CHINOY 
20332,DHEERE DHEERE BOL ,GORA AUR KAALA ,LATA MANGESHKAR 
20333,DHEERE DHEERE CHAL ,LOVE MARRIAGE(1959) ,LATA MANGESHKAR, MOHD.RAFI 
20334,DHEERE DHEERE MACHAL ,ANUPAMA ,LATA MANGESHKAR 
20335,DHEERE DHEERE ZARA ,AGAR TUM NA HOTE ,ASHA BHOSALE 
20336,DHEERE SE AAJA RI ,ALBELA ,LATA MANGESHKAR 
20337,DHEERE SE JAANA KHATIYAN MEIN ,CHHUPA RUSTAM ,KISHORE KUMAR 
20338,DHOKA ,DHOKA ,RAFAQAT ALI KHAN 
20339,DHOL BAJNE LAGA ,VIRAASAT ,KAVITA K., UDIT NARAYAN 
20340,DHOOM MACHE DHOOM ,KAALA PATTHAR ,LATA,RAFI,MAHENDRA 
20341,DHUNDHE TUJHKO NAIN ,JAB YAAD KISI KI AATI HAI ,LATA,MAHENDRA 
20342,DIDI TERA DEVAR DEEWANA ,HUM AAPKE HAI KAUN ,LATA, S.P.BALA'UM 
20343,DIKHAI DIYE YUN ,BAAZAR ,LATA MANGESHKAR 
20344,DIL AASHNA HAI ,DIL AASHNA HAI ,SURESH WADKAR,SADHNA 
20345,DIL AISA KISI NE MERA ,AMANUSH ,KISHORE KUMAR 
20346,DIL APNA AUR PREET PARAYEE ,DIL APNA AUR PREET PARAI ,LATA MANGESHKAR 
20347,DIL DEEWANA BIN SAJANA KE ,MAINE PYAAR KIYA ,LATA MANGESHKAR 
20348,DIL DEKE DEKHO ,DIL DEKE DEKHO ,MOHD. RAFI 
20349,DIL DENE KI RUT AAYI ,PREM GRANTH ,ALKA YAGNIK,VINOD 
20350,DIL DHADKE ,DARD ,SURAIYYA 
20351,DIL DHADKE NAZAR SHARMAAYE ,ALBELA ,LATA MANGESHKAR 
20352,DIL DHOONDTA HAI ,MAASOOM ,BHUPINDER 
20353,DIL DIYA HAI JAAN BHI DENGE ,KARMA ,MOHD. AZIZ, KAVITA K. 
20354,DIL EK MANDIR HAI ,DIL EK MANDIR ,MOHD. RAFI,SUMAN 
20355,DIL GHABARATA HAI ,POLICE AUR MUJRIM ,AMIT KUMAR 
20356,DIL HAAYE MERA DIL ,PARAYA DHAN ,KISHORE KUMAR 
20357,DIL HAI KI DHADAKTA ,JAHAN PYAR MILE ,MOHD. RAFI 
20358,DIL JALON KA ,ZANJEER ,ASHA BHOSLE 
20359,DIL KA BHANWAR KARE ,TERE GHAR KE SAMNE ,MOHD. RAFI 
20360,DIL KA HAAL SUNE ,SHREE 420 ,MANNA DEY 
20361,DIL KAHE RUK JAA RE ,MANN KIAANKHEN ,MOHD. RAFI 
20362,DIL KE ARMAAN ,NIKAAH ,SALMA AAGAH 
20363,DIL KE JHAROKE MAIN ,BRAHMACHAARI ,MOHD. RAFI 
20364,DIL KI AAWAAZ BHI SUN ,HUM SAAYA ,MOHD. RAFI 
20365,DIL KI GIRAH ,RAAT AUR DIN ,LATA MANGESHKAR, MANNA DEY 
20366,DIL KI NAZAR SE ,ANARI(1959) ,LATA MANGESHKAR.MUKESH 
20367,DIL KI LYE AARZU ,NIKAAH ,SALMA AAGAH, MAHENDRA K 
20368,DIL KO HAZAAR BAAR ,MURDER ,ALISHA CHINOY 
20369,DIL KO TUMSE PYAAR HUA ,REHNA HAI TERE DIL MEIN ,ROOP KUMAR RATHODE 
20370,DIL LE GAYI TERI BINDIYA ,VISHWATMA ,AMIT,MO.AZIZ,SAPNA 
20371,DIL LEKE ,NA TUM JAANO NA HUM ,PAMELA JAIN, UDIT NARAYAN 
20372,DIL MEIN KYA HAI ,JIGRI DOST ,LATA,MOHD. RAFI 
20373,DIL NE DIL SE KYA KAHA ,AAINA ,LATA, NITIN MUKESH 
20374,DIL NE PHIR YAAD KIYA ,DIL NE PHIR YAAD KIYA ,MOHD.RAFI MUKESH, SUMAN K 
20375,DIL PUKAARE AA RE AA RE ,JEWEL THIEF ,MOHD. RAFI, LATA 
20376,DIL TADAP TADAP KE ,MADHUMATI ,LATA MANGEHSKAR, MUKESH 
20377,DIL TO DIL HAI ,ZINDAGI EK JUA ,ASHA BHOSLE 
20378,DIL TO HAI DIL ,MUQADDAR KA SIKANDAR ,LATA MANGESHKAR 
20379,DIL TODANE WALE ,RAAGINI ,ASHA BHOSLE 
20380,DIL TOOT GAYA ,AAG ,SHAMSHAD BEGAM 
20381,DIL USE DO JO JAAN DE DE ,ANDAAZ ,ASHA BHOSLE, MOHD. RAFI 
20382,DILBAR DIL SE PYARE ,CARAVAN ,LATA MANGESHKAR 
20383,DILLI DILLI ,NO ONE KILLED JESSICA ,ADITI,TOCHI,SHRIRAM 
20384,DIN DHAL JAAYE ,GUIDE ,MOHD. RAFI 
20385,DIN HAI BAHAAR KE ,WAQT ,ASHA,MAHENDRA KAPOOR 
20386,DIN MAHEENE SAAL ,AVTAAR ,LATA, KISHORE KUMAR 
20387,DING DONG ,HERO ,ANURADHA.MANHAR 
20388,DISCO 82 ,KHUDDAAR ,LATA,KISHORE KUMAR 
20389,DIWAANE HAI DIWAANO KO NA ,ZANZEER ,LATA, MOHD. RAFI 
20390,DIYE JALAAYE PYAR KE ,DHARTI KAHE PUKAR KE ,LATA MANGESHKAR 
20391,DIYE JALTE HAI ,NAMAK HARAAM ,KISHORE KUMAR 
20392,DO ANJAANE AJNABI ,VIVAH ,UDIT NARAYAN, SHREYA 
20393,DO BAATEN PYAAR BHARI ,AANKHON AANKHON MEIN ,KISHORE KUMAR, ASHA 
20394,DO GHOOT MUJHE BHI ,JHEEL KE US PAAR ,LATA MANGESHKAR 
20395,DO HANSO KA JODA ,GANGA JAMUNA ,LATA MANGESHKAR 
20396,DO LAFZON KI IHA ,THE GREAT GAMBLER ,ASHA BHOSLE 
20397,DO NAINA AUR EK KAHANI ,MASOOM ,AARTI MUKHARJEE 
20398,DO NISHAANIYAN ,JHOOTA HI SAHI ,SONU NIGAM 
20399,DOLI MEIN BITHHAL KE KAHAAR ,AMAR PREM ,D.BURMAN 
20400,DONON NE KIYA THA ,MAHUA ,MOHD. RAFI 
20401,DOOR REH KAR ,AMAANAT ,MOHD. RAFI 
20402,DOORI NA RAHE KOI ,KARTAVYA ,LATA MANGESHKAR 
20403,DOST DOST NA RAHA ,SANGAM ,MUKESH 
20404,DOSTI KARTE NAHIN ,AARZ00 ,KUMAR SANU,ALKA,UDIT 
20405,DOSTON MEIN KOI BAAT ,PREM KAHANI ,MOHD. RAFI 
20406,DUKH SUKH KI ,KUDRAT(1980) ,CHANDRASEKHAR GADGIL 
20407,DUKHI MANN MERE ,FUNTOOSH ,KISHORE KUMAR 
20408,DULHAN CHALI ,PURAB AUR PASCHHIM ,MAHENDRA KAPOOR 
20409,DULHAN SE TUMHARA ,ANOKHI RAAT ,MUKESH 
20410,DUM DUM DIGA DIGA ,CHHALIYA (1960) ,MUKESH 
20411,DUM MAARO DAM ,HARE KRISHNA HARE RAM ,ASHA BHOSLE 
20412,DUNIYA BANAANE WALE ,TEESRI KASAM ,MUKESH 
20413,DUNIYA KARE SAWAAL ,BAHU BEGAM ,LATA MANGESHKAR 
20414,DUNIYA MEIN KITNA GAM ,AMRIT ,ANURADHA,MOHD.AZIZ 
20415,DUNIYA MEIN LOGON KO ,APNA DESH ,ASHA BHOSLE, R.D. BURMAN 
20416,DUNIYA MEIN REHNA HAI TO KAAM KAR PYARE ,HAATHI MERE SAATHI ,KISHORE KUMAR 
20417,DUNIYA MUJHKO PAAGAL ,24 GHANTE ,MUKESH 
20418,DUNIYA SE JAANE WALE ,PUSHPANJALI ,MUKESH 
20419,DUNIYAN KI SAIR KAR LO ,AROUND THE WORLD ,MUKESH, SHARDA 
20420,DUNIYAN MEIN KITNA GUM HAI ,AMRIT ,ANURADHA PAUDWAL 
20421,DUPATTA MERA MALMAL KA ,ADALAT ,ASHA,GEETA DUTT 
20422,EENA MEENA DIKA ,AASHA ,KISHORE KUMAR 
20423,EHSAAN TERA HOGA MUJH PAR ,JUNGLEE ,MOHD. RAFI 
20424,EK ADHURI SI MULAQAT ,DAHLEEZ ,MAHENDRA,BHUPINDER 
20425,EK AJNABI HASEENA SE ,AJNABI ,KISHORE KUMAR 
20426,EK AKELAIS SHEHER MEIN ,GHARONDA ,BHUPINDER SINGH 
20427,EK BAAR SIRF EK BAAR ,AADHA DIN AADHI RAAT ,ASHA BHOSLE 
20428,EK BAAT KAHUN ,GOLMAAL ,LATA MANGESHKAR 
20429,EK BAGIYAN MEIN ,SAPNAY ,CHITHRA,SHANKAR 
20430,EK BANJARA GAAYE ,JEENE KI RAAH ,MOHD. RAFI 
20431,EK BATA DO ,KALICHARAN ,ANURADHA,KANCHAN 
20432,EK DAAL PAR TOTA BOLE ,CHOR MACHAYE SHOR ,MOHD. RAFI, LATA 
20433,EK DIN SAPNE MAI ,GOLMAAL ,KISHORE KUMAR 
20434,EK DIN TERA DHEERE SE ,GURUDEV ,AMIT KUMAR 
20435,EK DUKHIYARI KAHE ,RAM TERI GANGA MAILI ,LATA MANGESHKAR 
20436,EK GHAGRA ,KURUKSHETRA ,SUNIDHI CHAUHAN 
20437,EK GHAR BANAUNGA ,TERE GHAR KE SAAMNE ,LATA, MOHD. RAFI 
20438,EK HASEEN SHAAM KO ,DULHAN EK RAAT KI ,MOHD. RAFI 
20439,EK HASEENA THI ,KARZ ,KISHORE KUMAR 
20440,EK LADKI BHEEGI ,CHALTI KA NAAM GAADI ,KISHORE KUMAR 
20441,EK LADKI KI TUMHE ,MERE YAAR KI SHAADI HAI ,UDIT NARAYAN, ALKA YAGNIK 
20442,EK LADKI KO DEKHA TO AISA LAGA ,1942 A LOVE STORY ,KUMAR SANU 
20443,EK MAIN AUR EK TU ,DAAYRA(1997) ,HARIHARAN,JASBINDER KAUR 
20444,EK MAIN AUR EK TU ,KHEL KHEL MEIN ,ASHA, KISHORE KUMAR 
20445,EK NAZAR MEIN BHI ,TAXI NO. 211 ,K.K., SUNIDHI CHAUHAN 
20446,EK PYAR KA NAGMA HAI ,SHOR ,LATA MANGESHKAR, MUKESH 
20447,EK RADHA EK MEERA ,RAM TERI GANGA MAILI ,LATA MANGESHKAR 
20448,EK RASTA AAHA AAHA ,RAAM BALRAAM ,KISHORE, MOHD.RAFI 
20449,EK ROZ MAIN TADAPKAR ,BEMISAAL ,KISHORE KUMAR 
20450,EK SHAHENSHAH NE ,LEADER ,LATA,MOHD. RAFI 
20451,EK TAARA BOLE ,YAADGAR ,MAHENDRA KAPOOR 
20452,EK TARAF HUM TUM ,ANDHA KAANOON ,ASHA BHOSLE,S.P.B. 
20453,EK TERA SAATH HUMKO ,WAPAS ,LATA,MOHD. RAFI 
20454,EK THA GUL ,JAB JAB PHOOL KHILE ,MOHD. RAFI 
20455,EK TO MERA MASTANA ,GORA AUR KALA ,LATA MANGESHKAR 
20456,EXCUSE ME ,STYLE ,NITIN RAIKWAR,NISHI 
20457,FAASLE HAIN BAHUT ,FAASLE ,ASHA BHOSLE 
20458,GAATA RAHE MERA DIL ,GUIDE ,LATA, KISHORE KUMAR 
20459,GAAYE JA GEET MILAN KE ,MELA(1948) ,MUKESH 
20460,GADI DHERE HAANK RE ,MOTHER INDIA ,SHAMSHAD BEGUM MOHD. RAFI 
20461,GAIRON PE KARAM ,AANKHEN ,LATA MANGESHKAR 
20462,GALI GALI SHOR ,AAR PAAR ,KISHORE KUMAR 
20463,GALI MEIN AAJ CHAAND NIKLA ,ZAKHM ,ALKA YAGNIK 
20464,GAM KA FASANA ,MANCHALI ,KISHOR KUMAR 
20465,GANGA MAIYYA MEIN ,CHANDAN KA PALNA ,LATA MANGESHKAR 
20466,GAPOOCHI GAPOOCHI GUM GUM ,TRISHUL ,LATA, NITIN MUKESH 
20467,GAR TUM BHOOLA NA DOGE ,YAKEEN ,MOHD. RAFI 
20468,GARAJ BARAS SAWAN ,PAAP ,ALIAZAMAT 
20469,GAWAH HAI CHAND TAARE GAWAH HAI ,DAAMINI ,ALKA YAGNIK, KUMAR SANU 
20470,GAYA BACHPAN ,AANKHON ANKHON MEIN ,LATA MANGESHKAR 
20471,GE GELI ZARA TIMBAK TOO ,JHUMROO ,KISHORE KUMAR 
20472,GEET GAATA CHAL 0 SAATHI ,GEET GATA CHAL ,JASPAL SINGH 
20473,GEET GAATA HOON MAIN ,LAL PATTHAR ,KISHORE KUMAR 
20474,GEET GAAYA PATTHARON NE ,GEET GAAYA PATHARON NE ,ASHA.MAHENDRA KAPOOR 
20475,GHAR AAJA PARDESI ,DILWALE DULHANIA LE JAYENGE ,PAMELA.MANPREET 
20476,GHAR AAYA MERA PARDESI ,AAWARA ,LATA MANGESHKAR 
20477,GHAR JAYEGI TAR JAYEGI ,KHUSHBOO ,ASHA BHOSLE 
20478,GHUNGAROON KI TARAH ,CHOR MACHAAYE SHOR ,KISHOR KUMAR 
20479,GOLMAAL HAI BHAI ,GOLMAAL ,R.D. BURMAN, SAPAN C. 
20480,GORE GORE ,SAMAADHI ,LATA MANGESHKAR, AMIR BAAI 
20481,GORE HAATHON PAR NA ,PYAAR KIYE JAA ,MOHD. RAFI 
20482,GORI HO KALI HO ,BIWI 0 BIWI ,KISHORE KUMAR 
20483,GORI KE HAATH MAIN ,MELA (1971) ,LATA MANGESHKAR, MOHD.RAFI 
20484,GORI TERA GAAON BADA ,CHITCHOR ,K.J. YSUDAS 
20485,GORIYA RE GORIYA RE ,AAINA ,LATA, JOLLY MUKHARJEE 
20486,GORON KI NA KAALON KI ,DISCO DANCER ,SURESH WADKAR 
20487,GULAABI GULAABI AANKHON SE ,BANPHOOL ,MOHD. RAFI 
20488,GUM HAI KISI KE ,RAMPUR KA LAXMAN ,LATA, KISHORE KUMAR 
20489,GUMNAAM HAIN KOI ,GUMNAAM ,LATA MANGESHKAR 
20490,GUN GUN KARTA AAYA ,MUSKURAHAT ,SADHANA,KUMAR SANU 
20491,GUNGUNA RAHE HAIN ,AARADHANA ,ASHA BHOSLE, MOHD. RAFI 
20492,GUNI JANO BHAKT JANO ,AANSOON AUR MUSKAAN ,KISHORE KUMAR 
20493,HA DEEWANA HOON MAIN ,SARANGA ,MUKESH 
20494,HAAL KAISA HAI JANAAB KA ,CHALTI KA NAAM GAADI ,ASHA BHOSLE, KISHORE KUMAR 
20495,HAAL KYA HAI DILON KA ,ANOKHI ADAA ,KISHORE KUMAR 
20496,HAAN MERA DEEWAANAPAN ,DEEWANAPAN ,SHAAN,SUNIDHI 
20497,HAATH AAYA HAI JABSE ,DIL AUR MOHABBAT ,ASHA,MAHENDRA 
20498,HAAY MOHABBAT ,HERO ,LATA,SURESH WADKAR 
20499,HAAY RE NA MARO ,GARAM MASALA ,ASHA BHOSLE 
20500,HAAYE RE HAAYE ,HUMJOLI ,LATA,MOHD. RAFI 
20501,HAI APNA DIL TO AAWAARA ,SOLWAAH SAAL ,HEMANT KUMAR 
20502,HAII ISI MEIN PYAAR KIAABRU ,ANPADH ,LATA MANGESHKAR 
20503,HAMEN TUMSE PYAR KITNA ,KUDARAT ,KISHORE KUMAR 
20504,HANSTA HUA NOORANI ,PAARASMANI ,LATA MANGESHKAR, KAMAAL 
20505,HAR CHEHRA YAHAAN CHAAND ,AABROO ,MOHD. RAFI 
20506,HARI OM HARI ,PYAARA DUSHMAN ,USHA UTTHUP 
20507,HASEENON SE MOHABBAT KA ,ALBELA ,CHITALKAR 
20508,HAWA CHALE KAISE ,DAAG(1973) ,LATA MANGESHKAR 
20509,HAWA KE SAATH SAATH ,SEETA AL GEETA ,KISHORE, ASHA 
20510,HAWA MEIN UDTA JAAYE ,BARSAAT ,LATA MANGESHKAR 
20511,HAYE DIL KI BAAZI LAGA ,ONE KA 4 ,ALKA,SONU NIGAM 
20512,HAZAAR RAAHEN MUD KE ,THODI SI BEWAFAI ,LATA,KISHORE KUMAR 
20513,HELLO HELLO ,JHOOTA HI SAHI ,KARTHIK 
20514,HEY BABA HEY BABA ,MANZIL MANZIL ,ASHA BHOSLE 
20515,HEY BABA RE BABA ,JEEVAN EK SANGHURSH ,AMIT KUMAR,KAVITA 
20516,HMM HUMNE TUMKO DEKHA ,KHEL KHEL MEIN ,SHAILENDERA SINGH 
20517,HO GAYA HAI TUJHKO TO ,DILWALE DULHANIYA LE JAAYENGE ,LATA, UDIT NARAYAN 
20518,HO KE MAJBOOR MUJHE ,HAQEEQAT ,RAFI,MANNA DEY.TALAT.M 
20519,HOLI. AAYI RE ,MASHAAL ,LATA,KISHORE KUMAR 
20520,HOTHON PE BEETI BAAT ,ANGOOR ,ASHA BHOSLE 
20521,HOTON PE JAAN CHALI JAYEGI ,PATITA ,KISHORE KUMAR 
20522,HUE HAIN TUMPE AASHIQ ,MERE SANAM ,MOHD. RAFI 
20523,HUM AAJ KAHIN DIL ,ANDAAZ ,MUKESH 
20524,HUM AAPKE HAIN KAUN ,HUM AAPKE HAIN KAUN ,LATA MANGESHKAR, S.P.B 
20525,HUM AAPKI AANKHON MEIN ,PYAASA ,GEETA DUTT, MOHD. RAFI 
20526,HUM APNI TARAF SE ,ANSH ,ALKA.KUMAR SANU 
20527,HUM AUR TUM ,DAAG(1973) ,KISHORE KUMAR, LATA 
20528,HUM BANE TUM BANE ,EK DUJE KE LIYE ,LATA, S.P.BALA'M 
20529,HUM BEKHUDI MEIN ,KAALA PAANI ,MOHD. RAFI 
20530,HUM BHI TUM BHI CHOR HAI SAATHI ,CHOR CHOR ,UDIT NARAYAN, MAANO 
20531,HUM BOLEGA TO BOLOGE KI BOLTA HAI ,KASAUTI ,KISHORE KUMAR 
20532,HUM DONO DO PREMI ,AJNABI ,LATA, KISHORE KUMAR 
20533,HUM DONO JAISA ,MERE YAAR KI SHAADI HAI ,KK,SUNIDHI CHAUHAN 
20534,HUM HAIN MATAY E KOOCHA ,DASTAK(1970) ,LATA MANGESHKAR 
20535,HUM HAIN RAHI PYAAR KE ,NAU DO GYARAH ,KISHORE KUMAR 
20536,HUM IK DOOJE KE DEEWANE ,PHOOL ,KUMAR SANU 
20537,HUM INTZAR KARENGE ,BAHU BEGAM ,MOHD. RAFI 
20538,HUM KALE HAIN TO ,GUMNAAM ,MOHD. RAFI 
20539,HUM KO BHI GAM NE MAARA ,AAS PAAS ,LATA MANGESHKAR 
20540,HUM LAAYE HAI TOOFAN ,JAGRITI ,MOHD. RAFI 
20541,HUM NAHIN JHOOMTE ,JAANI DOST ,KISHORE KUMAR,ASHA 
20542,HUM PANCHHI MASTANE ,DEKH KABIRAA ROYA ,GEETA DUTT, LATA, SEETA A. 
20543,HUM PREMI PREM KARNA JAANE ,PARVARISH ,KISHORE, MOHD. RAFI,AMIT 
20544,HUM PYAAR MEIN JALNEWALON KO ,JAILOR ,LATA MANGESHKAR 
20545,HUM SATH SATH HAI ,HUM SATH SATH HAI ,HARIHARAN, ,ANURADHA, KAVITA,UDIT 
20546,HUM SE RAHOGE ,AUR PYAR HO GAYA ,SONU NIGAM 
20547,HUM THE JINKE SAHARE ,SAFAR ,LATA MANGESHKAR 
20548,HUM THE WOH THI AUR SAMA ,CHALTI KA NAAM GAADI ,KISHORE KUMAR 
20549,HUM TO CHALE PARDES ,SARGAM(1979) ,MOHD. RAFI 
20550,HUM TO MOHABBAT KAREGA ,DILLI KA THUG ,KISHORE KUMAR 
20551,HUM TOH TERE AASHIQ HAIN ,FARZ ,MUKESH 
20552,HUM TUM DONO JAB ,EK DUJE KE LIYE ,LATA,S.P.B. 
20553,HUM TUM DONO MIL KE ,LAAVA ,LATA.KISHORE KUMAR 
20554,HUM TUM EK KAMRE MEIN ,BOBBY ,SHAILENDRA, LATA 
20555,HUM TUM SE JUDA HO KE ,EK SAPERA EK LOOTERA ,MOHD. RAFI 
20556,HUM TUM YUG YUG SE ,MILAN ,LATA MANGESHKAR, MUKESH 
20557,HUM TUMHARE LIYE ,INTAQAM ,LATA,MOHD. RAFI 
20558,HUM TUMSE MOHABBAT KARKE SANAM ,AAWAARA ,MUKESH 
20559,HUM YAHAAN TUM WAHAAN ,ZAKHM ,ALKA YAGNIK 
20560,HUMBA LEELA ,HERA PHERA ,ABHIJEET,VINOD 
20561,HUMEN AUR JEENE KI CHAHAT NA HOTI ,AGAR TUM IA HOTE ,KISHORE KUMAR 
20562,HUMKO AAJKAL HAI ,SAILAAB ,ANUPAMA DESHPANDE 
20563,HUMKO HONE DO SHARABI ,KOI KISISE KUM NAHIN ,KUMAR SANU,ABHIJEET 
20564,HUMKO MANN KI ,GUDDI ,VAANI JAIRAM 
20565,HUMKO TO YAARA TERI YAARI ,HUM KISISE KAM NAHIN ,ASHA,KISHORE KUMAR 
20566,HUMNE TUJHKO PYAR ,DULHA DULHAN ,MUKESH 
20567,HUSN HAAZIR HAI ,LAILA MAJNU ,LATA MANGESHKAR 
20568,HUSN PAHADO KA ,RAM TERI GANGA MAILEE ,LATA, SURESH WADKAR 
20569,HUZ0OR IS KADAR BHI NA ,MAASUM ,BHUPINDER, SURESH WADKAR 
20570,HUZOORE WALA ,YEH RAAT PHIR NA AAYEGI ,ASHA, USHA 
20571,IAMA BACHELOR ,HIMALAY PUTRA ,VINOD RATHOD 
20572,IAMA DISCO DANCER ,DISCO DANCER ,VIJAY BENEDICT 
20573,IBTEDA E ISHQ MEIN HUM ,HARIYALI AUR RASTA ,LATA,MUKESH 
20574,ICHAK DANA ,SHREE 420 ,LATA MANGESHKAR, MUKESH 
20575,IJAZAT HO ,AADMIAUR INSAAN ,ASHA.MAHENDRA KAPOOR 
20576,IK PAL KA JEENA ,KAHO NA PYAAR HAI ,LUCKY ALI 
20577,IK PARDESI MERA ,PHAAGUN ,ASHA BHOSLE, MOHD. RAFI 
20578,IK RAASTA HAI ZINDAGI ,KAALA PATTHAR ,KISHORE, LATA 
20579,ILU ILU ILU ILU ,SAUDAGAR 1991 ,MANHAR UDHAS ALKA.Y 
20580,IMALEE KA BOOTA BERI KA PED ,SAUDAGAR ,MOHD. AZIZ. SUDESH BHOSLE 
20581,IN AANKHON KI MASTI KE ,UMRAO JAAN ,ASHA BHOSLE 
20582,IN HAWAON MEIN ,GUMRAAH ,ASHA JI, MAHENDRA KAPOOR 
20583,INHI LOGON NE ,PAAKIZAH ,LATA MANGESHKAR 
20584,INSAAF KA MANDIR ,AMAR ,MOHD. RAFI 
20585,INSAAF KI DAGAR PE ,GANGA YAMUNA ,HEMANT KUMAR 
20586,INTEHAA HO GAYI ,SHARAABI ,KISHORE KUMAR ASHA BHOSLE 
20587,INTEZAAR ,PAAP ,ANURADHA PAUDWAL 
20588,IS MOD SE JAATE HAIN ,AANDHI ,LATA MANGESHKAR 
20589,IS NADI KO MERA ,CHASHME BUDDOOR ,SHAILENDRA,HAIMANTI 
20590,ISHAARON ISHAARON MEIN ,KASHMIR KI KALI ,ASHA, MOHD. RAFI 
20591,ISHQ BHALA KYA HAI ,KUDRAT(1998) ,VINOD RATHOD,ALKA 
20592,ISHQ KA RUTBA ,KARTOOS ,NUSRAT FATEHALI KHAN 
20593,ISHQ KI MAIN BIMAR ,DHARTI ,LATA MANGESHKAR 
20594,ISHQ PAR ZOR NAHIN ,ISHQ PAR ZOR NAHIN ,LATA MANGESHKAR 
20595,ISHWAR ALLAH TERE NAAM ,NAYA RAASTA ,MOHD. RAFI 
20596,ITNA NA MUJHSE TU ,CHHAYA ,TALAT MEHMOOD 
20597,ITNA TO YAAD HAI MUJHE ,MEHBOOB KI MEHNDI ,LATA,MOHD. RAFI
20598,ITNI JALDI NA KARO ,AADMI AUR INSAAN ,ASHA BHOSLE 
20599,JA JA JA MERE BACHPAN ,JUNGLEE ,LATA MANGESHKAR 
20600,JA RE JA 0 HARJAAI ,KALICHARAN ,LATA MANGESHKAR 
20601,JA RE KAARE BADRA ,DHARTI KAHE PUKAR KE ,LATA MANGESHKAR 
20602,JAADU BHARI AANKHON WAALI SUNO ,DASTAK ,UDIT NARAYAN 
20603,JAADU HAI NASHA HAI ,JISM ,SHREYA GHOSHAL 
20604,JAADU TERI NAZAR ,DARR ,UDIT NARAYAN 
20605,JAAG DILE DIWAANA ,OONCHE LOG ,MOHD. RAFI 
20606,JAAGE JAAGE ,MERE YAAR KI SHADI HAI ,SONU.ALKA YAGNIK, UDIT NARAYAN 
20607,JAAGO MOHAN PYAARE ,JAGTE RAHO ,LATA MANGESHKAR 
20608,JAAGTE HAI HUM ,KHILADI 420 ,SONU NIGAM,KAVITA 
20609,JAANA THA HUMSE DOOR ,ADAALAT ,LATA MANGESHKAR 
20610,JAANE CHAMAN SHOLA BADAN ,GUMNAAM ,MOHD. RAFI, SHARDA 
20611,JAANE JAAN ,ZEHER ,UDIT NARAYAN, SHREYA 
20612,JAANE KAHA GAYE WOH DIN ,MERA NAAM JOKER ,MUKESH 
20613,JAANE KAHAAN MERA JIGAR GAYA JEE ,MR. & MRS. 55 ,GEETA DUTT, MOHD. RAFI 
20614,JAANE KAISA HAI MERA DEEWANA ,AANSOO BAN GAYE PHOOL ,ASHA,KISHORE KUMAR 
20615,JAANE KYA SOCH KAR ,KINAARA ,KISHORE KUMAR 
20616,JAANE KYA TUNE KAHI ,PYAASA ,GEETA DUTT 
20617,JAANE NA NAZAR ,AAH ,LATA MANGESHKAR, MUKESH 
20618,JAANEMAN JAANEMAN ,JAANEMAN ,KISHORE KUMAR 
20619,JAANEMAN JAANEMAN ,KAHO NA PYAAR HAI ,ASHA BHOSLE 
20620,JAANEMAN TUM KAMAL ,TRISHUL ,LATA.KISHORE KUMAR 
20621,JAANEWAALO ZARA ,DOSTI ,MOHD. RAFI 
20622,JAANEWALE ZARA HOSHIYAR ,RAJKUMAR ,MOHD. RAFI 
20623,JAATE HUYE AE PAL CHHIN ,ANKHIYON KE JHAROKHON SE ,RAVINDRA JAIN 
20624,JAAUN KAHAN BATA AE DIL ,CHHOTI BEHAN ,MUKESH 
20625,JAB BHI JEE CHAHE ,DAAG(1973) ,LATA MANGESHKAR 
20626,JAB BHI KOI HASEENA DEKHUN ,HERA PHERI ,K.K. 
20627,JAB CHALI THANDI HAWA ,DO BADAN ,ASHA BHOSLE 
20628,JAB CHHAAYE MERA JAAD00 ,LOOTMAAR ,ASHA BHOSLE 
20629,JAB DEEP JALE AANA ,CHITCHOR ,HEMLATA, K.J.YESUDAS 
20630,JAB DIL HI TOOT GAYA ,SHAHJAHAAN ,K.L.SEHGAL 
20631,JAB HUM JAWAAN HONGE ,BETAAB ,LATA, SHABBIR KUMAR 
20632,JAB JAB BAHAAR AAYI ,TAQDEER ,MOHD. RAFI 
20633,JABSE AANKHEN HO GAYI ,DHARTI ,MOHD. RAFI 
20634,JADUGAR SAIYAN ,NAAGIN ,LATA MANGESHKAR 
20635,JADUGAR TERE NAINA ,MANMANDIR ,LATA ,KISHORE KUMAR 
20636,JAGI HUI FIZAAYEN HAI ,AUR PYAR HO GAYA ,ASHA,UDIT 
20637,JAHAN CHAAR YAAR ,SHARAABI ,KISHORE KUMAR, AMITABH 
20638,JAHAN MAIN JAATI HOON WAHI CHALE ,CHORI CHORI ,LATA MANGESHKAR MANNA DEY 
20639,JAI JAI SHIV SHANKAR ,AAP KI KASAM ,LATA, KISHORE KUMAR 
20640,JAIPUR SE NIKLI GADI ,GURUDEV ,ASHA BHOSLE, SHAILENDRA 
20641,JAIYYO NA JAIYYO ,AAR PAAR ,KISHORE KUMAR,SABINA 
20642,JAL BIN MACHHALI ,JAL BIN MACHHLI NRITYA BIN BIJLI ,LATA MANGESHKAR 
20643,JALTA HAI JIYA MERA ,ZAKHMI ,ASHA BHOSLE, KISHORE KUMAR 
20644,JANAB EALI ,BARDAASHT ,SHAAN, KUNAL 
20645,JANAM JANAM ,FAASLE ,LATA,KISHORE KUMAR 
20646,JANAM JANAM KA SAATH HAI ,TUMSE ACHHA KAUN HA ,LATA, MOHD. RAFI 
20647,JANAM TERE LIYE ,KURUKSHETRA ,KUMAR SANU,ALKA 
20648,JANEMAN JANEMAN TERE DO NAYAN ,CHHOTI SI BAAT ,YESUDAS, ASHA BHOSLE 
20649,JARA HOLLE HOLLE CHALLO ,SAAWAN KI GHATA ,ASHA BHOSLE 
20650,JATA KAHAN HAI DEEWANE ,C.I.D. ,GEETA DUTT 
20651,JAWAAN HAI MOHABBAT ,ANMOL GHADI ,NOOR JAHAAN 
20652,JAWAANI JAANEMAN ,NAMAK HALAAL ,ASHA BHOSLE 
20653,JAWAN HO YAARO ,JO JEETA WOH SIKANDAR ,VIJAYETA, UDIT NARAYAN 
20654,JAWANI JAWANI JALTI ,JAANI DOST ,KISHORE KUMAR,ASHA 
20655,JAYIYE AAP KAHAN JAYENGE ,MERE SANAM ,ASHA BHOSLE 
20656,JE HUM TUM CHORI SE ,DHARTI KAHE PUKAR KE ,LATA MANGESHKAR,MUKESH 
20657,JEE LE LE JEE LE LE ,TARZAN ,BAPPI LAHIRI,ALISHA 
20658,JEENA BHI KYA ,KASAM PAIDA KARNEWALE KI ,SALMA AGHA,BAPPI 
20659,JEENA SEEKH LIYA ,MEHNDI ,ASHA BHOSLE 
20660,JEENA YAHAN MARNA YAHAN ,MERA NAAM JOKER ,KUKESH 
20661,JEENE DE YEH ,LAAVA ,ASHAE,MAN MOHAN 
20662,JEEVAN BANA JEEVAN ,JAANI DOST ,KISHORE KUMAR,ASHA 
20663,JEEVAN EK SANGHASH ,JEEVAN EK SANGHURSH ,MOHD. AZIZ,KAVITA 
20664,JEEVAN KE DIN ,BADE DILWAALE ,KISHORE KUMAR 
20665,JEEVAN KE HAR MOD PE ,JHOOTHA KAHIN KA ,ASHA BHOSLE, KISHORE KUMAR 
20666,JEEVAN SAATHI SAATH MEIN REHNA ,AMRIT ,ANURADHA,P.MANHAR UDHAS 
20667,JEEVAN SE BHARI ,SAFAR ,KISHORE KUMAR 
20668,JEEWAN KE SAFAR MEIN ,MUNIMJEE ,KISHORE KUMAR 
20669,JHALAK DIKHA KE ,MANZIL MANZIL ,SHAILENDRA SINGH 
20670,JHILMIL SITAARON KA ,JEEVAN MRUTYU ,LATA MANGESHKAR 
20671,JHOOM JHOOM KE ,ANDAZ(1949) ,MUKESH 
20672,JHOOM KE GAA YUN ,PATANGA ,MOHD. RAFI 
20673,JHOOMTI BAHAARON KA SAMA ,DEHLEEZ ,ASHA BHOSLE, MAHENDRA K. 
20674,JHUKEE JHUKEE SEE NAZAR ,ARTH ,JAGJIT SINGH 
20675,JIMMY JIMMY AAJA ,DISCO DANCER ,PARVATI KHAN 
20676,JINHE HUM BHOOLANA CHAHE ,AABROO ,MUKESH 
20677,JIS DESH MEIN GANGA BAHTI HAIN ,JIS DESH MEIN GANGA BEHTI HAI ,MUKESH 
20678,JIS GALI MEIN TERA ,KATI PATANG ,MUKESH 
20679,JIS PATH PE CHALA ,YAADGAR ,LATA MANGESHKAR 
20680,JISE HASNA RONA HAI ,AWARA PAAGAL DEEWANA ,SONU,ALKA,SHAAN 
20681,JISKA KOI NAHI USKA TO ,LAWARIS ,KISHORE KUMAR 
20682,JISKE SAPNE HUMEN ,GEET ,LATA.MAHENDRA KAPOOR 
20683,JIYA BEQARAAR HAI ,BARSAAT ,LATA MANGESHKAR 
20684,JIYA DHADAK DHADAK ,KALYUG ,RAHAT FATEH ALI KHAN 
20685,JIYA LE GAYO JI ,ANPADH ,LATA MANGESHKAR 
20686,JIYA 0 ,JAB PYAAR KISI SE HOTA HAL ,MOHD. RAFI 
20687,JO BAN ANMOL ,TAWAIF ,ASHA BHOSLE 
20688,JO MAIN JANTI ,AAH ,LATA MANGESHKAR 
20689,J0 TUMKO HO PASAND ,SAFAR ,MUKESH 
20690,JO WAADA KIYA Y wo ,TAJ MAHAL ,LATA,MOHD. RAFI 
20691,JOGI HO JOGI ,KAAMCHOR ,KISHORE KUMAR 
20692,JOOTE DE DO PAISE LE LO ,HUM AAPKE HAIN KAUN ,LATA MANGESHKAR 
20693,JOSHE JAWAANI HAY RE HAY ,AROUND THE WORLD ,MUKESH 
20694,JUDA HOKE BHI ,KALYUG ,ATIF ASLAM 
20695,JUMMA CHUMMA DE DE ,HUM ,SUDESH BHOSLE, KAVITA K. 
20696,JUSTUJU JISKI THI ,UMRAO JAAN ,ASHA BHOSLE 
20697,KA KARUN SAJNI ,SWAMI ,YESUDAS 
20698,KAALI GHATA CHHAYE ,SUJATA ,ASHA BHOSLE 
20699,KAALI PALAK TERI GORI ,DO CHOR ,LATA,KISHORE KUMAR 
20700,KAAN MEIN JHUMKA ,SAAWAN BHAADO ,MOHD. RAFI 
20701,KAANCHI RE KAANCHI RE ,HARE RAMA HARE KRISHNA ,LATA MANGESHKAR 
20702,KAASH AISA HOTA ,AAHUTEE ,LATA, KISHORE KUMAR 
20703,KAB KE BICHHADE HUE ,LAWARIS ,ASHA, KISHORE KUMAR 
20704,KAB TUJHE ZINDAGI SE ,DHOKA ,K.K, SHREYA GHOSHAL 
20705,KABHI AAR KABHI PAAR ,AAR PAAR ,SHAMSHAD BEGUM 
20706,KABHI KABHI MERE DIL MEIN ,KABHIE KABHI ,MUKESH, LATA MANGESHKAR 
20707,KABHI KHUD PE ,HUM DONO ,MOHD. RAFI 
20708,KABHI MAIN KAHOON ,LAMHEN ,LATA MANGESHKAR, HARIHARAN 
20709,KABHI NA KABHI ,ANDHA KAANOON ,ASHA BHOSLE 
20710,KABHI TO MILEGI KAHIN ,AARTI ,LATA MANGESHKAR 
20711,KABOOTAR JA JA JA ,MAINE PYAAR KIYA ,LATA, S.P.BALA'M 
20712,KAGAZ KALAM DAWAT ,HUM ,MO.AZIZ,SHOBHAJOSHI 
20713,KAH DO KAH DO JAHAN ,APRIL FOOL ,SUMAN, MOHD.I RAFI 
20714,KAHAAN SE AAYE BADRA ,CHASHME BADDOOR ,YESUDAS.HAIMANTI 
20715,KAHAN TAK YE MANN KO ,BAATON BAATON MEIN ,KISHORE KUMAR 
20716,KAHANCHALDIYE ,JHUK (GAYA AASMAN ,MOHD. RAFI 
20717,KAHE KOYAL SHOR ,AAG ,SHAMSHAD BEGUM 
20718,KAHE PAISE PE ,LAWARIS ,KISHORE KUMAR 
20719,KAHI KARTI HOGI wo MERA INTEZAAR ,PHIR KAB MILOGI ,MUKESH, LATA MANGESHKAR 
20720,KAHIN DUR JAB DIN DHAL JAAYE ,ANAND ,MUKESH 
20721,KAHIN NA JAA ,BADE DILWALA ,LATA, KISHORE KUMAR 
20722,KAHIN NAHIN ,VIA DARJEELING ,SUNIDHI CHAUHAN 
20723,KAHIN PE NIGAAHEN ,C.I.D. ,SHAMSHAAD BEGAM 
20724,KAHO KAHAN CHALE ,BULUNDI ,KISHORE KUMAR,ASHA 
20725,KAHO KAISE RASTA ,BADE DIL WALA ,LATA,KISHORE KUMAR 
20726,KAHO NA KAHO ,MURDER ,AMIR JAMAAL 
20727,KAHO NA PYAR HAI ,KAHO NA PYAAR HA ,ALKA YAGNIK, UDIT NARAYAN 
20728,KAI DIN SE MUJHE ,ANKHIYON KE JHAROKHON SE ,HEMLATA,SHAILENDRA 
20729,KAISA KHUMAR HAI ALLAH ALLAH ,AUR PYAR HO GAYA ,NUSRAT FATEH ALI KHAN 
20730,KAISA TERA PYAAR ,LOVE STORY ,LATA,AMIT KUMAR 
20731,KAISA YE PYAAR HAI ,KHILADI 420 ,KUMAR SANU,KAVITA 
20732,KAISE KAHE HUM ,SHARMILEE ,KISHORE KUMAR 
20733,KAISI HASEEN AAJ ,AADMI ,TALAT MEHMOOD,RAFI 
20734,KAJRA LAGA KE ,APNA DESH ,LATA JI, KISHORE KUMAR 
20735,KAJRA LAGA KE ,JAL BIN MACHALI ,LATA MANGESHKAR 
20736,KAL KE SAPNE AAJ BHI ,AADMI ,LATA MANGESHKAR 
20737,KAL KI HASEEN MULAQAAT ,CHARAS ,LATA,KISHORE KUMAR 
20738,KALI KALI CHOOME GALI ,MANCHALI ,LATA MANGESHKAR 
20739,KALIYON KA CHAMAN ,JYOTI ,LATA MANGESHKAR 
20740,KANTA LAGA HAI LAGA ,SAMAADHI ,LATA MANGSHKAR 
20741,KAR CHALE HUM FIDA ,HAQIQAT ,MOHD. RAFI 
20742,KARI BADARIYA ,AADMI ,LATA MANGESHKAR 
20743,KAROGE YAAD TO ,BAZAAR ,BHUPINDER 
20744,KARVATEIN BADALTE RAHE ,AAP KI KASAM ,LATA, KISHORE KUMAR 
20745,KASAM ,MAIN PREM KI DEEWANI HOON ,CHITRA,SHAAN 
20746,KASMEN WADE PYAR WAFA ,UPKAAR ,MANNA DEY 
20747,KATRA KATRA MILTI HAI ,ASHA BHOSLE ,IJAAZAT 
20748,KAUN AAYA KAUN AAYA ,KATHA ,HARIHARAN,PREET 
20749,KAUN AAYA KE NIGAAHON MEIN ,WAQT(1965) ,ASHA BHOSLE 
20750,KAUN HAI JO ,JHUK GAYA AASMAAN ,MOHD. RAFI 
20751,KAUVA CHALA HANS KI ,AROUND THE WORLD ,MOHD. RAFI 
20752,KE JAAN CHALI JAAYE ,ANJAANA ,SUMAN K., MOHD, RAFI 
20753,KEH DO IK BAAR SAJANA ,MRUTYUDAND ,ALKA YAGNIK, UDIT NARAYAN 
20754,KEHNA HAI KEHNA HAI ,PADOSAN ,KISHORE KUMAR 
20755,KEHTA HAI JOKER ,MERA NAAM JOKER ,MUKESH 
20756,KHAAY| HAI RE HUM NE KASAM ,TALAASH ,LATA MANGESHKAR 
20757,KHAIKE PAAN BANARASWALA ,DON ,KISHORE KUMAR 
20758,KHAMOSH RAAT ,TAKSHAQ ,ROOP KUMAR RATHOD 
20759,KHAMOSH SA AFSANA ,LIBAAS ,LATA,SURESH WADKAR 
20760,KHAMOSHIYAAN GUNGUNAANE LAGI ,ONE KA 4 ,SONU, LATA 
20761,KHAT LIKH DE ,AAYE DIN BAHAAR KE ,ASHA BHOSLE 
20762,KHATOOBA KHATOOBA ,ALIBABA AUR CHALIS CHOR ,ASHA BHOSLE 
20763,KHILONA JAANKAR ,KHILONA ,MOHD. RAFI 
20764,KHILTE HAI GUL YAHAN ,SHARMILEE ,KISHORE KUMAR 
20765,KHOYA KHOYA CHAND ,DOOR GAGAN KI CHHAON MEIN ,ASHA BHOSLE 
20766,KHUBSOORAT HAI ,ROG ,UDIT NARAYAN 
20767,KHUDA BHI AASMAN SE ,DHARTI ,MOHD. RAFI 
20768,KHUDA KHAIR KARE ,RAZIA SULTAN ,KABAN MIRZHA 
20769,KHUDAYA KHAIR ,AAYE DIN BAHAAR KE ,MOHD. RAFI 
20770,KHULI NAZAR KYA KHEL DIKHEGA ,PARVARISH ,KISHORE, AMIT KUMAAR 
20771,KHULLA AASMAAN ,CHAIN KULII KI MAIN KULII ,K.K., SALIM MERCHANT 
20772,KHULLAM KHULLA PYAAR KARENGE ,KHEL KHEL MEIN ,ASHA,KISHORE 
20773,KHUSH RAHE TU SADA ,KHILONA ,MOHD. RAFI 
20774,KHUSH RAHO ,SUHAAG RAAT ,MUKESH 
20775,KHUSHI KI wo RAAT ,DHART| KAHE PUKAR KE ,MUKESH 
20776,KHWAAB HO TUM YA ,TEEN DEVIYAN ,KISHORE KUMAR 
20777,KHWAAHISHON SE ,HOLIDAY ,KUNAL GANJAWALA, SHREYA GHOSHAL 
20778,KISI BAAT PAR MAIN ,BEMISAAL ,KISHORE KUMAR 
20779,KISI KE VADE PE KYUN ,THE BURNING TRAIN ,ASHA BHOSLE 
20780,KISI KI MUSKURAAHATON PE ,ANADI ,MUKESH 
20781,KISI NA KISI SE ,KASHMIR KI KALI ,MOHD. RAFI 
20782,KISI RAAH MEIN KISI MOD PAR ,MERE HUMSAFAR ,MUKESH, LATA 
20783,KISINE BHI TO NA DEKHA ,DIL AASHNA HAI ,PANKAJ UDHAS 
20784,KISKO PYAAR KAROON ,TUMSE ACHHA KAUN H HAI ,MOHD. RAFI 
20785,KISMAT KI HAWA KABHI ,ALBELA ,CHITALKAR 
20786,KITNA HASEEN HAI MAUSAM ,AAZHAD ,LATA MANGESHKAR, CHITALKAR 
20787,KITNA PYARA WAADA HAIN ,CAARWAN ,LATA MOHD. RAFI 
20788,KITNI BECHAIN HO KE ,KASOOR ,ALKA YAGNIK,UDIT NARAYAN 
20789,KOI BHI NAAM DO ,LAAVA ,LATA MANGESHKAR 
20790,KOI HOTA JISKO APNA ,MERE APNE ,KISHORE KUMAR 
20791,KOI HUMDUM NA RAHA ,JHOOMRU ,KISHORE KUMAR 
20792,KOI JAB TUMHARA ,PURAB AUR PASHCHIM ,MUKESH 
20793,KOI LAUTA DE MERE ,DOOR GAGAN KI CHHAAON MEIN ,KISHORE KUMAR 
20794,KOI PARDESI AAYA ,HUM HAI LAJAWAAB ,ANWAR 
20795,KOI SAGAR DIL KO ,DIL DIYA DARD LIYA ,MOHD. RAFI 
20796,KOI SEHRI BABU ,LOAFER ,ASHA BHOSLE 
20797,KOITO SAATHI CHAHIYE ,KASOOR ,KUMAR SANU 
20798,KOI YE KAISE BATAE ,ARTH ,JAGJEET SINGH 
20799,KORA KAGAJ THA ,ARADHANA ,LATA MANGESHKAR 
20800,KOYAL BOLI DUNIYA DOLI ,SARGAM(1979) ,LATA,MOHD. RAFI 
20801,KOYAL KYUN GAAYE ,AAP AAYE BAHAR AAYI ,MOHD. RAFI,LATA 
20802,KRISHNA DHARTI PE AAJA ,DISCO DANCER ,NANDU BHENDE 
20803,KUCH DIL NE KAHA ,ANUPAMA ,LATA MANGESHKAR 
20804,KUCH KAHEN TO KHAFA ,EK SHRIMAAN EK SHRIMATI ,MOHD. RAFI 
20805,KUCH NA KAHO ,1942 A LOVE STORY ,KUMAR SANU 
20806,KUCHH LOG MOHABBAT ,LAAVA ,KISHORE KUMAR 
20807,KUCHH TO LOG KAHENGE ,AMAR PREM ,KISHORE KUMAR 
20808,KYA HUA TERA WAADA ,HUM KISI SE KUM NAHIN ,MOHD. RAFI 
20809,KYA JAANU SAJAN ,BAHARON KE SAPNE ,LATA MANGESHKAR 
20810,KYA KHOOB LAGTI HO ,DHARMATMA ,KANCHAN, MUKESH 
20811,KYA SE KYA HO GAYA ,GUIDE ,MOHD. RAFI 
20812,KYUN LADKIYAN HUMSE ,KAL KI AWAAZ ,KUMAR SANU, ASHA BHOSALE 
20813,LAAGI CHHUTE NA ,KAALITOPILAL RUMAAL ,LATA, MOHD.RAFI 
20814,LAAGI TUMSE MANN (LAGAN ,PAAP ,RAHAT FATEH AL KHAN 
20815,LAAKHON HAIN YAHAN ,KISMAT ,MAHENDRA KAPOOR 
20816,LAAL CHHADI ,JANWAR(1965) ,MOHD. RAFI 
20817,LABON SE CHUM LO ,AASTHA ,SRIRADHA BANERJEE 
20818,LADKI NAHI HAITU ,HIMMATWALA ,ASHA BHOSLE, KISHORE KUMAR 
20819,LAGA CHUNRI MEIN DAAG ,DIL HI TO HAI ,MANNA DEY 
20820,LAGIAAJ SAAWAN KI PHIR wo JHADI HAIN ,CHANDNI ,SURESH WADKAR,ANUPAMALI 
20821,LAKDI KI KAATHI ,MAASOOM ,VANIT MISHRA, GAURI BAPAT 
20822,LAKHON HAI NIGAAH MEIN ,PHIR WAHI DIL LAYA HOON ,MO. RAFI 
20823,LAMBI JUDAAI ,HERO ,RESHMA 
20824,LAMHA LAMHA DOORI ,GANGSTER ,ABHIJEET 
20825,LE GAYI DIL GUDIYA ,LOVE IN TOKYO ,MOHD. RAFI 
20826,LE JAYENGE LE JAYENGE ,CHOR MACHAYE SHOR ,ASHA BHOSLE, KISHORE KUMAR 
20827,LEKAR HUM DEEWANA DIL ,YAADON KI BAARAAT ,ASHA BHOSLE, KISHORE 
20828,LIKHE JO KHATT TUJHE ,KANYADAAN ,MO. RAFI 
20829,LOAA GAYEE UNKI YAAD ,DO BADAN ,LATA MANGESHKAR 
20830,LO CHALI MEIN ,HUM AAPKE HAI KAUN ,LATA MANGESHKAR 
20831,LOG PEETE HAI ,FARAAR ,HEMANT KUMAR 
20832,LOGON NA MARO ISE ,ANAAMIKA ,ASHA BHOSLE 
20833,LOOIE SHAMA SHA ,KRANTI ,LATA,NITIN MUKESH 
20834,LOOTE KOI MANN KA NAGAR ,ABHIMAAN ,LATA, MANHAR UDAAS 
20835,MAA KA PYAAR ,KHUDDAAR ,KISHORE KUMAR 
20836,MAAI RI MAIN KAASE KAHOON ,DASTAK(1970) ,MADAN MOHAN 
20837,MAAN JAAYIYE ,HIMMAT ,ASHA,MOHD. RAFI 
20838,MAAN MERA EHSAAN ,AAN ,MOHD. RAFI 
20839,MAANA HO TUM ,TOOTE KHILONE ,K. YESUDAS 
20840,MAANG KE SAATH ,NAYA DAUR ,ASHA, MO. RAFI 
20841,MAAYE NI MAAYE ,HUM AAPKE HAIN KAUN ,LATA MANGESHKAR 
20842,MACH GAYA SHOR ,KHUDDAAR ,LATA, KISHORE KUMAR 
20843,MADHOSH HAWA MATWALIFIZA ,PRINCE ,MO. RAFI 
20844,MAHIYA ,AWARAPAN ,SUZZANE 
20845,MAI GAREEBON KA DIL HOON ,AABE HYAAT ,HEMANT KUMAR 
20846,MAIKA PIYA BULAAVE ,SUR SANGAM ,LATA,SURESH WADKAR 
20847,MAIN AA RAHA HOON ,AARZ00 ,UDIT NARAYAN 
20848,MAIN AASHIQUE HOON BAHAARON KA ,AASHIQ ,MUKESH 
20849,MAIN CHALI MAIN CHALI ,PADOSAN ,LATA, ASHA 
20850,MAIN EK HASEENA WOH ,AAYA SAWAN JHOOM KE ,ASHA BHOSLE 
20851,MAIN GAOON TUM ,BRAHMACHARI ,MOHD. RAFI 
20852,MAIN HOON HERO ,RAM LAKHAN ,MO.AZIZ,AMIT,ALISHA 
20853,MAIN HOON JHOOM JHOOM JHOOMRU ,JHUMROO ,KISHORE KUMAR 
20854,MAIN HOON JHUMROO ,JHUMROO ,KISHOR KUMAR 
20855,MAIN HOON PREM ROGI ,PREM ROG ,SURESH WADKAR 
20856,MAIN KAHI KAVI NA BAN JAAUN ,PYAAR HEE PYAAR ,MO. RAFI 
20857,MAIN KAMSIN HOON NADAN ,AAYI MILAN KI BELA ,LATA MANGESHKAR 
20858,MAIN KISE APNA KAHOON ,EK THI REETA ,MUKESH,LATA 
20859,MAIN KUNWARI ALBELI ,BABU ,ASHA,KISHORE KUMAR 
20860,MAIN LONDON CHHOD KE ,AADHA DIN AADHI RAAT ,KISHORE KUMAR 
20861,MAIN NIGAAHEN TERE ,AAP KI PARCHHAAIYAN ,MOHD. RAFI 
20862,MAIN PAL DO PAL KA SHAAYAR HOON ,KABHI KABHI ,MUKESH 
20863,MAIN PYAAR KA DEEWANA ,AYEE MILAN KI BELA ,MOHD. RAFI 
20864,MAIN PYAR KA RAAHI HOON ,EK MUSAFIR EK HASEENA ,ASHA BHOSLE, MOHD. RAFI 
20865,MAIN SASURAL NAHI JAAUNGI ,CHANDNI ,PAMELA CHOPRA 
20866,MAIN SHAAYAR TO NAHIN ,BOBY ,SHALENDRA SINGH 
20867,MAIN SHAYAR BADNAAM ,NAMAK HARAAM ,KISHORE KUMAR 
20868,MAIN SOLAH BARAS KI ,KARZ ,LATA,KISHORE KUMAR 
20869,MAIN TERA AASHIQ HOON ,GUMRAAH ,ROOPKUMAR RATHOD 
20870,MAIN TERE ISHQ MEIN ,LOAFER ,LATA MANGESHKAR 
20871,MAIN TERI NAZAR KA ,JAHAN ARA ,TALAT MAHMOOD 
20872,MAIN TO AARTI UTAARUN RE ,JAY SANTOSHI MAA ,USHA MANGESHKAR 
20873,MAIN TO BHOOL CHALI ,SARASWATI CHANDRA ,LATA MANGESHKAR 
20874,MAIN TO DEEWANA ,MILAN ,MUKESH 
20875,MAIN TO HAR MOD PE ,CHETNA ,MUKESH 
20876,MAIN TO KAB SE KHADI ,MADHUMATI ,LATA MANGESHKAR 
20877,MAIN ZINDAGI KA SAATH ,HUM DONO ,MOHD. RAFI 
20878,MAINE DEKHA TUNE DEKHA ,DUSHMAN(1971) ,LATA MANGESHKAR 
20879,MAINE DIL SE KAHA ,ROG ,K.K 
20880,MAINE KAHA PHOOLON SE ,MILI ,LATA MANGESHKAR 
20881,MAINE RAB SE TUJHE ,KARMA ,ANURADHA,MANHAR 
20882,MAINE SOCH LIYA ,TUMSA NAHIN DEKHA ,UDIT, SHREYA GHOSHAL 
20883,MAINE TERE LIYE HI SAAT ,ANAND ,MUKESH 
20884,MAINE TO KHAI KASAM ,AWARA PAAGAL DEEWANA ,SUNIDHI,ABHIJEET 
20885,MAIYYA YASHODA ,JHOOTA HI SAHI ,JAVED ALI,CHINMAYI 
20886,MAJHI CHAL 0 MAJHI CHAL ,AAYA SAWAN JHOOM KE ,MOHD. RAFI 
20887,MANA JANAAB NE PUKARA ,PAYING GUEST ,KISHORE KUMAR 
20888,MANN DOLE MERA TAN DOLE ,NAAGIN ,LATA MANGESHKAR 
20889,MANZILEN APNI JAGAH HAI ,SHARABI ,KISHORE KUMAR 
20890,MARA THUMKA ,KRANTI ,LATA MANGESHKAR 
20891,MASOOM CHEHRE KI ,ANSH ,SONU NIGAM 
20892,MAST BAHARON KA ,FARZ ,MO. RAFI 
20893,MAST PAWAN DOLE RE ,BAWARCHI ,LATA MANGESHKAR 
20894,MAULA MAULA ,AWARAPAN ,RAFAQUAT ALI KHAN 
20895,MAULA MERE MAULA ,ANWAR ,ROOP KUMAR RATHOD 
20896,MAUSAM HAI AASHIQANA ,PAKIZA ,LATA MANGESHKAR 
20897,MAUSAM KA TAQAZA ,ANDHA KAANOON ,ASHA BHOSLE,S.P.B. 
20898,MEET NA MILA RE ,ABHIMAAN ,KISHORE KUMAR 
20899,MEGHA CHHAYE AADHI RAAT ,SHARMILEE ,LATA MANGESHKAR 
20900,MEHBOOB MERE ,PATTHAR KE SANAM ,LATA MANGESHKAR, MUKESH 
20901,MEHNDI LAGAKE RAKHNA ,DILWALE DULHANIYA LE JAYENGE ,LATA, UDIT NARAYAN 
20902,MEIN HUN KHUSHRANG HENNA ,HEENA ,LATA MANGESHKAR 
20903,MERA CHAND MUJHE ,MR.AASHIQ ,KUMAR SANU 
20904,MERA DIL TERA DIWAANA ,AAAB LAUT CHALEN ,ALKA UDIT 
20905,MERA DIL YE PUKARE AAJA ,NAAGIN ,LATA MANGESHKAR 
20906,MERA JEEVAN KORA KAGAZ ,KORA KAGAZ ,KISHORE KUMAR 
20907,MERA JOOTA HAI JAPANI ,SHREE 420 ,MUKESH 
20908,MERA KUCH SAAMAAN ,IJAZAT ,ASHA BHOSLE 
20909,MERA MANN MERA MANN ,NAYEE PADOSAN ,MAHALAXMI IYER 
20910,MERA NAAM CHIN CHIN CHU ,HAWRA BRIDGE ,GEETA DUTT 
20911,MERA NAAM RAJU ,JIS DESH MEIN GANGA BEHTHI HAI ,MUKESH 
20912,MERA PARDESI NA AAYA ,MERE HUMSAFAR ,LATA MANGESHKAR 
20913,MERA TO J0 BHI KADAM ,DOSTI ,MOHD. RAFI 
20914,MERA YAAR BANA HAI DULHA ,CHAUDVI KA CHAAND ,MO. RAFI 
20915,MERE ANGNE MEIN ,LAWARIS ,AMITABH BACHHAN 
20916,MERE DESH KI DHARTI ,UPKAAR ,MAHENDRA KAPOOR 
20917,MERE DESH MEIN PAWAN ,JIGRI DOST ,MOHD. RAFI 
20918,MERE DIL MEIN AAJ KYA ,DAAG(1973) ,KISHORE KUMAR 
20919,MERE DIL NE TADAP KE ,ANURODH ,KISHORE KUMAR 
20920,MERE DUSMAN TU MERI ,AAYE DIN BAHAAR KE ,MO. RAFI 
20921,MERE HUMSAFAR ,REFUGEE ,ALKA,SONU NIGAM 
20922,MERE JAAGNE SE PEHLE ,HEENA ,LATA JI, SURESH WADKAR 
20923,MERE JEEVAN SAATHI ,EK DUJE KE LIYE ,S P BALASUBRAMANYAM 
20924,MERE KHWABON KA ,JISM ,UDIT NARAYAN 
20925,MERE KHWABON MEIN JO AAYE ,DILWALE DULHANIYAN LE JAYENGE ,LATA MANGESHKAR 
20926,MERE MEHABOOB NA JAA ,NOOR MAHAL ,SUMAN KALYANPUR 
20927,MERE MEHBOOB MERE ,DUPLICATE ,UDIT NARAYAN.ALKA 
20928,MERE MEHBOOB QAYAAMAT HOGI ,MR. X IN BOMBAY ,KISHORE KUMAR 
20929,MERE MITWA MERE MEET RE ,GEET ,MO. RAFI 
20930,MERE NAINA SAAVAN BHAADO ,MEHBOOBA ,LATA MANGESHKAR 
20931,MERE NASEEB MEIN AYE DOST ,DO RAASTE ,KISHORE KUMAR 
20932,MERE PIYA GAYE RANGOON ,PATANGA ,SHAMSHAD,CHITALKAF 
20933,MERE RANG MEIN ,MAINE PYAAR KIYA ,S.P.BALA'M 
20934,MERE SAAMNE WAALI KHIDKI ,PADOSAN ,KISHORE KUMAR 
20935,MERE SANG SANG AAYA ,RAJPUT ,KISHORE KUMAR 
20936,MERE SAPNON KI RANI ,ANURADHA ,KISHORE KUMAR 
20937,MERE TUTE HUYE DIL SE ,CHALIYA ,MUKESH 
20938,MERI ANKHON SE KOI NEEND ,POOJA KE PHOOL ,LATA MANGESHKAR 
20939,MERI AWAAZ SUNO ,NAUNIHAL ,MOHD. RAFI 
20940,MERI BERI KE BER ,ANOKHI RAAT ,ASHA BHOSLE 
20941,MERI BHEEGI BHEEGI SI ,ANAMIKA ,KISHORE KUMAR 
20942,MERI BINDIYA TERI NEENDIYA ,LAMHE ,LATA MANGESHKAR 
20943,MERI BULBUL YUN NA HO ,BIWI 0 BIWI ,LATA,KISHORE KUMAR 
20944,MERI KAHAANI BHULNE WALE ,DIDAAR ,MO. RAFI 
20945,MERI KISMAT MEIN TU NAHI SHAYAD ,PREM ROG ,LATA,SURESH WADKAR 
20946,MERI LOTTERY ,HOLI AAEE RE ,KISHORE KUMAR 
20947,MERI MOHABBAT ,JANWAR(1965) ,MOHD. RAFI 
20948,MERI MOHABBAT MEIN ,SHAREEF BADMAASH ,LATA MANGESHKAR 
20949,MERI NEENDO MEIN TUM ,NAYA ANDAAZ ,SHAMSHAD BEGAM, KISHORE 
20950,MERI NEETA ,DIL DE KE DEKHO ,MO. RAFI 
20951,MERI PYAARI BINDU ,PADOSAN ,KISHORE KUMAR 
20952,MERI SAANSON MEIN TUM ,AAINA ,ASHA,KUMAR SANU 
20953,MERI SANSON MEIN BASA HAI ,AUR PYAAR H GAYA ,ALKA, UDIT NARAYAN 
20954,MERI SONI MERI TAMANNA ,YAADON Kl BAARAT ,ASHA BHOSLE, KISHORE 
20955,MERI SUNLE ARAJ ,ANKHEN(1968) ,LATA MANGESHKAR 
20956,MERI TAMANNAO KI TAQDEER ,HOLI AAEE RE ,MUKESH 
20957,MERI UMAR KE ,KARZ ,KISHORE KUMAR 
20958,MERI ZINDAGI NE MUJHPE ,DO AUR DO PAANCH ,KISHORE KUMAR 
20959,METER DOWN ,TAXI NO.9 2 11 ,ADNAN SAMI 
20960,MHARE HIWDA MEIN ,HUM SAATH SAATH HAI ,HARIHARAN.ANURADHA KUMAR. KAVITA 
20961,MIL GAYA HUMKO ,HUM KISI SE KAM NAHI ,ASHA BHOSLE, KISHORE 
20962,MIL GAYE MIL GAYE ,KANYADAAN(1968) ,LATA MANGESHKAR 
20963,MILAN ABH| AADHA ADHURA HAI ,VIVAH ,UDIT NARAYAN, SHREYA 
20964,MILE KAHIN DO AJNABI ,MANCHALI ,KISHORE KUMAR 
20965,MILE NA PHOOL TOH ,ANOKHI RAAT ,MOHD. RAFI 
20966,MILI KHAAK MEIN MOHABBAT ,CHAUDWI KA CHAAND ,MO. RAFI 
20967,MILO NA TUM TO HUM GHABRAYEN ,HEER RANJHA ,LATA MANGESHKAR 
20968,MILTI HAI ZINDAGI MEIN MOHABBAT KABHI KABHI ,AANKHEN ,LATA MANGESHKAR 
20969,MITWA ,MANZIL MANZIL ,ASHA BHOSLE 
20970,MOHABBAT AB TIJARAT ,ARPAN ,ANWAR 
20971,MOHABBAT BADE KAAM KI ,TRISHUL ,KISHORE,LATA,YESUDAS 
20972,MOHABBAT HALKYA CHEEZ ,PREM ROG ,LATA JI, SUREAH WADKAR 
20973,MOHABBAT HO IA JAAYE ,KASOOR ,KUMAR SANU, ALKA 
20974,MOHABBAT KAR LO JI BHAR LO ,AAR PAAR ,MOHD.RAFI.GEETA DUTT 
20975,MOHABBAT MOHABBAT HO NA JAAYE ,STYLE ,ABHIJEET,HEMA 
20976,MOHE SHYAM RANG DAID ,BANDINI ,LATA MANGESHKAR 
20977,MORANI BAAGA MA BOLE ,LAMHEN ,LATA, ILA ARUNI 
20978,MUD MUD KE NA DEKH ,SHREE 420 ,ASHA BHOSLE,MANNA DE 
20979,MUJHE DARDE DIL KA PATA NA THA ,AKASHDEEP ,MOHD. RAFI 
20980,MUJHE DUNIYA WALO ,LEADER ,MOHD. RAFI 
20981,MUJHE HAQ HAI ,VIVAH ,UDIT NARAYAN,SHREYA 
20982,MUJHE KITNA PYAAR HAI ,DIL TERA DEEWANA ,LATA,MOHD RAFI 
20983,MUJHE KUCHH KAHNA HAI ,BOBBY ,SHAILENDRA.LATA 
20984,MUJHE TERI MUHABBAT KA ,AAP AAYE BAHAAR AAY| ,LATA MANGESHKAR, MO, RAFI 
20985,MUJHE TUM MIL GAYE HUMDUM ,LOVE IN TOKYO ,LATA MANGESHKAR 
20986,MUJHE TUM YAAD KARNA ,MASHAAL ,KISHORE KUMAR 
20987,MUJHE TUMSE MOHABAAT HAI ,TUMSA NAHIN DEKHA ,SHREYA,SHAAN 
20988,MUJHKO DEKHOGE JAHAN TAK ,RAM TERI GANGA MAILI ,SURESH WADKAR 
20989,MUJHKO IS RAAT KI ,DIL BHI TERA HUM BHI TERE ,MUKESH 
20990,MUJHKO YEH ZINDAGI ,SAILAAB ,AMIT KUMAR,ASHA 
20991,MUJHSE JUDA HOKAR ,HUM AAPKE HAI KAUN ,LATA,S.P.B. 
20992,MUNGDA MUNGDA ,INKAAR ,USHA MANGESHKAR 
20993,MURGIWALO APNI MURGIAN ,LOVE STORY ,KISHOR KUMAR 
20994,MUSAFIR HU YAARO ,PARICHAY ,KISHORE KUMAR 
20995,MUSKURAATA HUA MERA YAAR ,LAHOO KE DO RANG ,KISHORE KUMAR 
20996,MY HEARTS SAYS TO ME ,WORLD CUPP 2011 ,AADESH SHRIVASTAV 
20997,MY NAME IS LAKHAN ,RAM LAKHAN ,MOHD. AZIZ,ANURADHA 
20998,NA AADMI KA KOI BHAROSA ,AADMI ,MO. RAFI 
20999,NA BOLE TUM NA MAINE KUCHH KAHA ,BAATON BAATON MEIN ,ASHA, KISHORE KUMAR 
21000,NA JA MERE HUMDUM ,PYAR KA MAUSAM ,LATA MANGESHKAR 
21001,NA JAANE KAISE ,BADALTE RISHTE ,LATA JI MO. RAFI, KISHORE 
21002,NA JAANE KYA HUA ,DARD(1981) ,LATA MANGESHKAR 
21003,NA JAANE KYUN ,CHHOTI SI BAAT ,LATA MANGESHKAR 
21004,NA JAIYYO PARDES ,KARMA ,KAVITA KRISHNAMURTHY 
21005,NA JAO SAINYA ,SAHAB BIWI AUR GULAM ,GEETA DUTT 
21006,NA JIYA LAGE NA ,ANAND ,LATA MANGESHKAR 
21007,NA KOI UMANG HAI ,KATI PATANG ,LATA MANGESHKAR 
21008,NA MANGUN SONA CHANDI ,BOBBY ,MANNA DEY,SHAILENDRA 
21009,NA MUH CHUPA KE JIYO ,HUMRAAZ ,MAHENDRA KAPOOR 
21010,NA NA KARTE PYAAR ,JAB JAB PHOOL KHILEN ,LATA, MOHD. RAFI 
21011,NA SONE KE BUNGLE MEIN ,REHNA HAI TERE DIL MEIN ,ANURADHA SRIRAM, K.K. 
21012,NATU ZAMEEN KE LIYE ,DAASTAN ,MOHD. RAFI 
21013,NA TUM HUMEN JAANO ,BAAT EK RAAT KI ,HEMANT KUMAAR 
21014,NA TUM JAANO NA HUM ,KAHO NA PYAAR HAI ,LUCKY ALI 
21015,NA WOH INKAAR KARTI HAI ,HIMAALAY PUTRA ,UDIT, ALKA 
21016,NAAM GUM JAAYEGA ,KINAARA ,LATA MANGESHKAR, BHUPINDER 
21017,NAAM HAI MERA FONSECA ,JO JEETA WOH| SIKANDAR ,AMIT KUMAR,ALKA 
21018,NAAR DANA ANAAR DANA ,HEENA ,LATA MANGESHKAR 
21019,NADIYA KINAARE ,ABHIMAAN ,LATA MANGESHKAR 
21020,NADIYA SE DARIYA ,NAMAK HARAAM ,KISHORE KUMAR 
21021,NAFRAT KI DUNIYA KO ,HAATHI MERE SAATHI ,MOHD. RAFI 
21022,NAIN LAD JAIHEN ,GANGA JAMUNA ,MOHD. RAFI 
21023,NAIN MILA KAR CHAIN ,AAMNE SAMNE ,MOHD. RAFI 
21024,NAIN MILE CHAIN KAHAN ,BASANT BAHAAR ,LATA MANGESHKAR 
21025,NAIN so NAIN NAAHI MILAAO ,JHANAK JHANAK PAAYAL BAJE ,LATA, HEMANT KUMAR 
21026,NAINON MEIN BADARA ,MERA SAYA ,LATA MANGESHKAR 
21027,NAINON MEIN SAPNA ,HIMMATWALA ,LATA, KISHORE KUMAR 
21028,NAKHREWAALI ,NEW DELHI ,KISHORE KUMAR 
21029,NANHA MUNNA RAHI HOON ,SON OF INDIA ,SHANTI MATHUR,RAFI 
21030,NANHE MUNNE BACHCHE ,BOOT POLISH ,ASHA, MO. RAFI 
21031,NASEEB HOGA MERE ,40 DAYS ,ASHA,MANNA DEY 
21032,NAUJAWANO KA ZAMANA ,VINOD,KAVITA,ANUPAMA ,PARAMPARA 
21033,NAZAR KA JHUK JANA ,PASSPORT ,GEETA DUTT 
21034,NAZAR MEIN BIJLI ADA MEIN SHOLAY ,PRINCE ,MO. RAFI 
21035,NAZAR NA LAG JAAYE ,NIGHT IN LONDON ,MO. RAFI 
21036,NAZRANA BHEJA KISI NE ,DESH PARDESH ,KISHORE KUMAR 
21037,NEELE GAGAN KE TALE ,HUMRAAZ ,MAHENDRA KAPOOR 
21038,NEEND CHURA KE RATON ,SHAREEF BADMAASH ,KISHORE KUMAR 
21039,NEEND NA MUJHKO AYE ,POST BOX NO.999 ,HEMANT KUMAR, LATA JI 
21040,NI MAIN YAAR MANANA NEE ,DAAG ,LATA MANGESHKAR 
21041,NI SULTANA RE ,PYAR KA MAUSAM ,LATA,MOHD. RAFI 
21042,NINDIYA SE JAAGI BAHAR ,HERO ,LATA MANGESHKAR 
21043,0 BEKARAAR DIL ,KOHRAA ,LATA MANGESHKAR 
21044,0 DILBAR JANIYE ,HASINA MAAN JAYEGI ,MOHD. RAFI 
21045,0 GHATA SAWARI ,ABHINETRI ,LATA MANGESHKAR 
21046,0 GORIYA RE ,NAIYYA ,K.S.YESUDA 
21047,0 HANSINI ,DIL WIL PYAAR WYAAR ,HARIHARAN 
21048,0 HASEENA ZULFON WALI ,TEESRI MANZIL ,ASHA BOSLE, MO. RAFI 
21049,0 JIJI ,VIVAH ,SHREYA,PAMELA JAIN 
21050,0 LE KE PEHLA PEHLA ,C.I.D. ,ASHA,SHAMSHAD,RAFI 
21051,0 MAJHI RE 0 MAJHI RE ,KHUSHBU ,KISHORE KUMAR 
21052,0 MEHBOOBA ,SANGAM ,MUKESH 
21053,0 MERE DIL KE CHAIN ,MERE JEEVAN SAATHI ,KISHORE KUMAR 
21054,0 MERE KHWABON KE ,MERI JUNG ,ANURADHA PAUDWAL 
21055,0 MERE SAJNA ,NAUKAR BIWI KA ,ASHA BHOSLE 
21056,0 MERE SONA RE ,TEESRI MANZIL ,ASHA BHOSLE 
21057,0 MERI JAAN ,MANZIL MANZIL ,ASHA,SHAILENDRA 
21058,0 MERI JAAN ,JAANI DUSHMAN ,KISHORE,ANURADHA 
21059,0 MERI MAINA ,PYAAR KIYE JA ,USHA, MANNA DEY 
21060,0 RAMJI BADA DUKH DINA ,RAM LAKHAN ,LATA MANGESHKAR 
21061,0 SAATHI RE ,MUQADDAR KA SIKANDAR ,KISHORE KUMAR 
21062,0 SANAM TERE HO GAYE HUM ,AYEE MILAN KI BELA ,LATA,MOHD. RAFI 
21063,0 SAPNON KE RAJA ,BANPHOOL ,LATA,MOHD. RAFI 
21064,0 SHERONWALI ,SUHAAG ,ASHA,MOHD. RAFI 
21065,0 TASHI ANATA ,AAAB LAUT CHALE ,JASPINDER NARULA 
21066,0 TERA NAAM LEKE ,MAHAL(1969) ,KISHORE KUMAR 
21067,0 YAARA DILDARA ,AADMI AUR INSAAN ,MAHENDRA.BALBIR 
21068,0 YAARON MAAF KARNA ,AA AB LAUT CHALE ,SANU,SONU,ABHIJIT 
21069,OH RE TAAL MILE NADI KE JAL MAIN ,ANOKHI RAAT ,MUKESH 
21070,OK OK ,PHOOL ,UDIT NARAYAN 
21071,OM NAMAH SHIVAYE ,MASHAAL ,LATA MANGESHKAR 
21072,00 JANE WALE ,BANDINI ,MUKESH 
21073,OONCHE NEECHE(HAPPY) ,KHUDDAAR ,LATA,KISHORE KUMAR 
21074,OONCHI OONCHI BAATON ,MR.NATWARLAL ,CHORUS 
21075,PAAN KHAAYE SAIYYAAN ,TEESRI KASAM ,ASHA BHOSLE 
21076,PAAS NAHI AANA BHOOL NAHI JAANA ,AAP KI KASAM ,LATA JI, KISHORE KUMAR 
21077,PAAYAL UTAR DOONGI ,MOHABBAT KIARZOO ,LA ARUN 
21078,PAAYALEN JHUNMUN JHUNMUN ,VIRASAT ,CHITRA, KUMAR SANU 
21079,PAISA YEH PAISA ,KARZ ,KISHORE KUMAR 
21080,PAL BHAR MEIN YEH KYA ,SWAMI ,LATA MANGESHKAR 
21081,PAL DO PAL KA ,THE BURNING TRAIN ,ASHA,MOHD. RAFI 
21082,PALKON KE PEECHHE SE ,TALAASH ,MOHD.RAFI, LATA 
21083,PALLO LATKE ,NAUKAR ,ASHA BOSLE, KISHORE KUMAR 
21084,PANCHHI BANU UDTI PHIRUN ,CHORI CHORI ,LATA MANGESHKAR 
21085,PANCHHI NADIYA PAWAN ,REFUGEE ,ALKA,SONU NIGAM 
21086,PANNA KI TAMANNA HAI KE ,HEERA PANNA ,LATA & KISHORE 
21087,PANTHI HUN MAIN US PATH K ,DOOR KA RAHI ,KISHORE KUMAR 
21088,PARBAT KE IS PAAR ,SARGAM(1979) ,LATA,MOHD. RAFI 
21089,PARBAT SE KALI GHATA TAKRAAI ,CHANDNI ,VINOD RATHOD 
21090,PARDES JAA KE PARDESIYA ,ARPAN ,LATA MANGESHKAR 
21091,PARDESIYA YESACH HAI PIYA ,MISTER NATWARLAL ,LATA MANGESHKAR 
21092,PARDESIYON SE NA ,JAB JAB PHOOL KHILE ,MO. RAFI 
21093,PARI HOON MAIN ,PARI HOON MAIN ,SUNITA RAO 
21094,PATTHAR KE SANAM ,PATTHAR KE SANAM ,MO. RAFI 
21095,PEENE WALON KO PEENE KA ,HAATH KI SAFAI ,KISHORE KUMAR 
21096,PEHLA NASHA ,JO JEETA WAHI SIKANDAR ,UDIT NARAYAN,SADHANA 
21097,PEHLA PEHLA PYAR ,HUM AAPKE HAI KAUN ,S.P.B.,LATA 
21098,PEHLE CHORI PHIR ,BAWARCHI ,KUMARI FAIYYAZ 
21099,PHIR AAJ MUJHE TUM KO ,AAJ ,JAGJIT SINGH 
21100,PHIR CHHIDI RAAT ,BAZAR ,LATA JI, TALAT AZIZ 
21101,PHIR TERI KAHANI YAAD AAYI ,DIL DIYA DARD DIYA ,LATA MANGESHKAR 
21102,PHIR WAHI SHAAM ,JAHAN ARA ,TALAT MAHMOOD 
21103,PHIR WOHI RAAT HAI ,GHAR ,KISHORE KUMAR 
21104,PHOOL HAI BAHAARON KA ,JIGRI DOST ,LATA,MOHD. RAFI 
21105,PHOOL TUMHE BHEJA HAI ,SARASWATI CHANDRA ,LATA,MUKESH 
21106,PHOOLON KA TAARON KA ,HARE RAMA HARE KRISHNA ,KISHORE KUMAR 
21107,PHOOLON KE IS SHEHAR ,PARAMPARA ,LATA.ABHIJEET 
21108,PHOOLON KE RANG SE ,PREM PUJARI ,KISHORE KUMAR 
21109,PI PI PI PIYA ,PREM DEEWANE ,ALKA,UDIT NARAYAN 
21110,PIYA BINA PIYA BINA ,ABHIMAAN ,LATA MANGESHKAR 
21111,PIYA TOSE NAINA LAGE RE ,GUIDE ,LATA MANGESHKAR 
21112,POCH KAR ASHQ ,NAYA RAASTA ,MOHD. RAFI 
21113,PREETAM AAN MILO ,ANGOOR ,SAPAN CHAKRABORTY 
21114,PREM SE HUM KO JEENE DO ,DO AUR DO PAANCH ,LATA,KISHORE.AMIT 
21115,PUKARTA CHALA HOON MAIN ,MERE SANAM ,MOHD. RAFI 
21116,PURANI JEANS ,CUTTING CHAI ,ALI HAIDER 
21117,PYAAR HUA HAI JAB SE ,ABHILASHA ,KISHORE KUMAR, LATA 
21118,PYAAR KA DARD HAI ,DARD ,ASHA BHOSLE, KISHORE KUMAR 
21119,PYAAR KA IMTEHAAN HUM DENGE ,VIDHATA ,ASHA BHOSLE 
21120,PYAAR KABHI KAM NA KARNA SANAM ,EK MUTTHI AASMAAN ,KISHORE.K, VANI JAIRAM 
21121,PYAAR KI BAATEN HAMKO ,BAAZI(1968) ,ASHA BHOSLE 
21122,PYAAR KIYE JA ,PYAR KIYE JA ,KISHORE KUMAR 
21123,PYAAR SIKHA DOON ,UPAASNA ,LATA,MOHD. RAFI 
21124,PYAR DEEWANA HOTA HAI ,KATI PATANG ,KISHORE KUMAR 
21125,PYAR HUA CHUPKE SE ,1942 A LOVE STORY ,KAVITA KRISHNAMURTHY 
21126,PYAR HUA IQRAAR HUA HAI ,SHREE 420 ,LATA MANGESHKAR,MANNA DEY 
21127,PYAR KA MATLAB ,OM JAY JAGDISH ,SONU,ALKA, UDIT 
21128,PYAR KARNE WALE ,HERO ,LATA JI, MANHAR UDHAS 
21129,PYAR KIYA HAI ,MOHABBAT ,VINOD RATHOD,KAVITA 
21130,PYAR KO HO JAANE DO ,DUSMAN ,LATA JI, KUMAR SANU 
21131,PYAR MUJHSE J0 KIYA ,SAATH SAATH ,JAGJIT SINGH 
21132,PYAR TO EK DIN ,EK SHRIMAN EK SHRIMATI ,ASHA,MOHD. RAFI 
21133,PYAR ZINDAGI HAI ,MUKADAR KA SIKANDAR ,LATA JI, ASHA, MAHENDRAK 
21134,QAYAMAT ,ALIBABA AU 40 CHOR ,LATA MANGESHKAR 
21135,RAAHI MANWA DUKH KI ,DOSTI ,MOHD. RAFI 
21136,RAAKH KE DHER NE ,EK BAAR KAHO ,JAGJIT SINGH 
21137,RAAT AKELI HAI ,JEWEL THIEF ,ASHA BHOSLE 
21138,RAAT BAAKI BAAT BAAKI ,NAMAK HALAL ,ASHA BHOSLE 
21139,RAAT KA SAMAN JHOOME ,ZIDDI ,LATA MANGESHKAR 
21140,RAAT KALIEH KHWAB ME AAYI ,BUDDHA MIL GAYA ,KISHORE KUMAR 
21141,RAAT KE HUMSAFAR ,AN EVENING IN PARIS ,ASHA BHOSLE, MOHD. RAFI 
21142,RAAT KI HATHELI PAR ,REFUGEE ,UDIT NARAYAN 
21143,RAAT NE KYA KYA ,EK GAAON KI KAHANI ,TALAT MEHMOOD 
21144,RAAT SAARI BEQARARI MEIN ,ZAKHM ,ALKA YAGNIK 
21145,RAAT SUHANI JAAG RAHI HAI ,JIGRI DOST ,SUMAN,MOHD.RAFI 
21146,RABBA RABBA ,AKS ,VASUNDHRA,SUKHWINDER 
21147,RAHE NA RAHE HUM ,MAMTA ,LATA MANGESHKAR 
21148,RAHON PE REHTI HAI ,NAMKEEN ,KISHORE KUMAR 
21149,RAJA KI AAYEGI ,AAH ,LATA MANGESHKAR 
21150,RAJNIGANDHA PHOOL ,RAJNIGANDHA ,LATA MANGESHKAR 
21151,RAM JI KI NIKLI SAWARI ,SARGAM(1979) ,MOHD. RAFI 
21152,RAMA RAMA GAZAB HUI GAWA RE ,NAYA ZAMANA ,LATA MANGESHKAR 
21153,RAMAIYA VASTAVAIYA ,SHREE 420 ,MOHD. RAFI, MUKESH, LATA 
21154,RAMBA HO HO ,ARMAAN ,USHA UTHUP 
21155,RAMCHANDRA KEH GAYE ,GOPI ,MAHENDRA KAPOOR 
21156,RANG BARSE BHEEGE ,SILSILA ,AMITABH BACHCHAN 
21157,RANG DE ,THAKSHAQ ,ASHA BHOSLE 
21158,RANGEELA RE ,PREM PUJARI ,LATA MANGESHKAR 
21159,REHAM NAZAR KARO ,SAIBABA ,SONU NIGAM 
21160,REHNA HAI TERE DIL MEIN ,REHNA HAI TERE DIL MEIN ,SONU NIGAM, KAVITA K 
21161,REHTE THE KABHI ,MAMTA ,LATA MANGESHKAR 
21162,RESHM| SALWAAR KURTA JAALI KA ,NAYA DAUR ,ASHA JI, SHAMSHAD BEGAM 
21163,RIGHT HERE RIGHT NOW ,BLUFF MASTER ,SUNIDHI.ABHISHEK BACHCHAN 
21164,RIM JHIM GIRE SAAWAN ,MANZIL ,KISHORE KUMAR 
21165,RIMJHIM KE GEET SAAWAN ,ANJAANA ,LATA, MOHD. RAFI 
21166,RIMJHIM RIMJHIM ,1942 ALOVE STORY ,KUMAR SANU, KAVITA K. 
21167,ROKA KAI BAAR MAINE ,MERE SANAM ,MOHD RAFI ASHA BHOSLE 
21168,ROMEO NAAM MERA ,ROOP KI RANI CHORON RAJA ,AMIT KUMAR 
21169,RONA KABHI NAHI RONA ,APNA DESH ,KISHORE KUMAR 
21170,ROOK JANA NAHIN ,IMTEHAAN ,KISHORE KUMAR 
21171,ROOP SUHANA LAGTA HAI ,GENTLEMAN ,CHITRA, S.P.BALA'M 
21172,ROOP TERA MASTANA ,ARADHANA ,KISHORE KUMAR 
21173,ROOTH KE HUMSE KAHIN ,J0 JEETA WOHI SIKANDAR ,JATIN 
21174,ROOTH NA JANA ,1942 A LOVE STORY ,KUMAR SANU 
21175,ROTE HUE AATE HAIN ,MUKADDAR KA SIKANDAR ,KISHORE KUMAR 
21176,ROTE ROTE HASNA SIKHO ,ANDHA KANOON ,KISHORE KUMAR 
21177,ROYA RE ,DHOKA ,SHIRAZ UPPAL 
21178,ROZ SHAAM AATITHI ,IMTEHAAN ,LATA MANGESHKAR 
21179,RUK JA RAAT THEHER JAA ,DIL EK MANDIR ,LATA MANGESHKAR 
21180,RUK JAA 0 DIL DEEWANE ,DILWALE DULHANIYA LE JAAYENGE ,UDIT NARAYAN 
21181,RUK JAA OH JAANE WAALI ,KANHAIYAA ,MUKESH 
21182,RUK JAANA ZARA RUK ,WARRANT ,KISHORE KUMAR 
21183,RUK JAO NA JI ,CHALTIK NAAM GAADI ,ASHA BHOSLE 
21184,RUKH SE ZARA NAKAAB ,MERE HUZOOR ,MOHD. RAFI 
21185,RULA KE GAYA SAPANA MERA ,JEWEL THIEF ,LATA MANGESHKAR 
21186,SARE GA MA ,CHUPKE CHUPKE ,KISHOR KUMAR.MOHD RAFI 
21187,SARE GA MA PA ,ABHINETRI ,LATA Jl. KISHORE KUMAR 
21188,SAAL KE BARAH MAHINE ,PHOOL ,UDIT NARAYAN,KAVITA 
21189,SAANWLI SALONI TERI ,HUM SAB CHOR HAI ,KUMAR SANU .ALKA YAGNIK 
21190,SAARE SHEHAR MEIN ,BAIRAG ,MOHD. RAFI ASHA BHOSLE 
21191,SAARE SHEHER MEIN ,ALIBABA AUR 40 CHOR ,LATA, ASHA 
21192,SAARI SAARI RAAT TERI ,AJI BAS SHUKRIYA ,LATA MANGESHKAR 
21193,SAARI SAARI RAINA ,NAYI PADOSAN ,SHAAN, SHWETA PANDIT 
21194,SAAT SAMUNDAR PAAR ,VISHWATMA ,SADHANA SARGAM 
21195,SAATHI BANEGA SAATH ,AADHA DIN AADHI RAAT ,MOHD. RAFI,ASHA 
21196,SAATHI HAATH BADHAANA ,NAYA DAUR ,ASHA BHOSLE, MOHD. RAFI 
21197,SAATHI MERE SAATHI ,AAHUTI ,MOHD. .RAFI,LATA 
21198,SAATHIYA NAHIN JAANA ,AAYA SAWAN JHOOM KE ,MOHD. RAFI, LATA 
21199,SAAWAN KE JHOOLE ,JURMANA ,LATA MANGESHKAR
21200,SAB KUCHH SEEKHA HUMNE ,ANARI ,MUKESH
21201,SABSE BADA RUPIYYA ,BLUFFMASTER ,MEHMOOD
21202,SACH KEH RAHA HAI ,REHNA HAI TERE DIL MEIN ,K.K
21203,SACHHA AASHIQ HAI ,DAMINI ,ALKA YAGNIK,KUMAR SANU 
21204,SADIYON SE DUNIYA MEIN ,BIWI 0 BIWI ,KISHORE KUMAR
21205,SAFAL HOGI TERI ARADHANA ,ARADHANA ,S.D.BURMAN
21206,SAI BABA OH SAI BABA ,AB KYA HOGA ,ASHA BHOSLE
21207,SAIYAN DIL MEIN AANA RE ,BAHAR ,SHAMSHAD BEGUM
21208,SAIYYAN LE GAYI JIYA TERI PEHLI NAZAR ,EK PHOOL DO MALI ,ASHA BHOSLE
21209,SAJAN RE JHOOTH MAT BOLO ,TEESARI KASAM ,MUKESH
21210,SAJAN SAJAN TERI DULHAN ,AARZ00 ,ALKA YAGNIK
21211,SAJANWA BAIRI HO GAYE HUMAAR ,TEESRI KASAM ,MUKESH
21212,SALAAM E ISHQ MERI JAAN ,MUQADDAR KA SIKANDAR ,LATA.KISHORE KUMAR
21213,SAMA HAI SUHAANA SUHAANA ,GHAR GHAR KI KAHANI ,KISHORE KUMAR
21214,SAMAY TU DHEERE DHEERE CHAL ,KARM ,ASHA, KISHORE 
21215,SANAM KUCH KEHNA HAI ,GUNAHON KE RAASTE ,ASHA BHOSALE. USHA MANG ESHKAR
21216,SAPNA MERA TOOT GAYA ,KHEL KHEL MEIN ,ASHA BHOSLE, R.D BURMAN 
21217,SAPNE HAI SAPNE KAB HUE APNE ,NAYI ROSHNI ,LATA MANGESHKAR
21218,SAPNE SUHAANE ,BEES SAAL BAAD ,LATA MANGESHKAR
21219,SAR. J0 TERA CHAKRAAYE ,PYAASA ,MOHD. RAFI
21220,SARA PYAAR TUMHARA ,ANAND ,ASHA BHOSLE KISHORE KUMAR
21221,SARANGA TERI YAAD MEIN ,SARANGA ,MUKESH
21222,SARE RISHTE NATE TOD KE ,JAANI DUSHMAN ,LATA MANGESHKAR
21223,SATRAH BARAS KI ,AJNABI ,ASHA,KISHORE KUMAR 
21224,SATYAM SHIVAM SUNDARAM ,SATYAM SHIVAM SUNDARAM ,LATA MANGESHKAR
21225,SAU SAAL PEHLE ,JAB PYAAR KISI SE HOTA HAI ,MOHD. RAFI, LATA MANGESHKAR
21226,SAY NA SAY NA ,BLUFF MASTER ,ANEELA MIRZA
21227,SAYONARA SAYONARA ,LOVE IN TOKYO ,LATA MANGESHKAR
21228,SEENE MAIN JALAN ,GAMAN ,SURESH WADKAR
21229,SHAAM DHALE KHIDKI TALE ,ALBELA ,LATA,CHITALKAR 
21230,SHAAM E GAM KI KASAM ,FOOTPATH ,TALAT MEHMOOD
21231,SHAAYAD MERI SHAADI KA ,SAUTAN ,LATA, KISHORE 
21232,SHAM DHALE JAMUNA KINAARE ,PUSHPANJALI ,LATA,MANNA DEY 
21233,SHARARA SHARARA ,MERE YAAR KI SHAAD| HAI ,ASHA BHOSLE
21234,SHEESHA HO YA DIL HO ,AASHA ,LATA MANGESHKAR
21235,SHEESHI BHARI GHULAAB KI ,JEET ,LATA MANGESHKAR
21236,SHEHAR KI PARIYON KE ,O JEETA WOHI SIKANDAR ,UDIT NARAYAN,SADHANA 
21237,SHIRDI MERA PANDHARPUR ,SAIBABA ,ANUP JALOTA
21238,SHOKHIYO MEIN GHOLA JAAYE ,PREM PUJARI ,LATA,KISHORE KUMAR 
21239,SHOLA JO ,AAPAS KI BAAT ,SHAILENDRA SINGH USHA MANGESHKAR
21240,SHOLA. JO BHADKE ,ALBELA ,LATA MANGESHKAR, CHITAALKAR 
21241,SILI HAWA CHHOO GAYI ,LIBAAS ,LATA MANGESHKAR
21242,SILSILEY MULAAQATON KE ,BARDAASHT ,UDIT NARAYAN,ALKA 
21243,SIMTI SI SHARMAYI SI ,PARWANA ,KISHORE KUMAR
21244,SITAARON KI MEHFIL ,KAHO NA PYAAR HAI ,BABUL SUPRIYO
21245,SITARON SI JAGMAGA ,AUR PYAR HO GAYA ,UDIT NARAYAN
21246,SOCH KE YE GAGAN ,JYOTI(1969) ,LATA,MANNA DEY 
21247,SOCHA THA KYA KYA HO GAYA ,ANMOL GHADI ,SURAIYA
21248,SOLAH BARAS KI BALI UMAR ,AAG ,S. BEGUM,MOHD. RAFI 
21249,SONA NAHI NA SAHI ,ONE KA 4 ,ALKA,UDIT NARAYAN 
21250,SONI AUR MONI KI HAI ,AMIR GARIB ,LATA MANGESHKAR
21251,SOORAJ KI GARMI SE ,PARINAY ,SHARMA BANDHU
21252,STYLE MEIN REHNE KA ,STYLE ,SONU NIGAM, VINOD RATHOD 
21253,SUBHAN ALLAH HASEEN CHEHRA ,KASHMIR KI KALI ,MOHD. RAFI
21254,SUHAANI RAAT DHAL CHUKI ,DULAARI ,MOHD. RAFI
21255,SUKH KE SAB SATHI ,GOPI ,MOHD. RAFI
21256,SUN CHAMPA SUN TARA ,APNA DESH ,LATA JI, KISHORE KUMAR 
21257,SUN DIDI TERE LIYE EK ,KHUBSOORAT ,ASHA BHOSLE
21258,SUN JA AA THANDI HAWA ,HAATHI MERE SAATHI ,LATA MANGESHKAR, KISHORE KUMAR 
21259,SUN LE PUKAAR AAYI ,PHOOL AUR PATTHAR ,ASHA BHOSLE
21260,SUN LO SUNATA HUN ,ANDAAZ ,MOHD. RAFI
21261,SUN RI PAWAN ,ANURAAG ,LATA MANGESHKAR
21262,SUN SUN SUN ZALIMA ,AAR PAAR ,GEETA DUTT MOHD. RAFI
21263,SUNDARIAYE HAY SUNDARI ,ANOKHI ADA ,KISHORE KUMAR
21264,SUNIYE KAHIYE ,BAATON BAATON MEIN ,KISHORE, ASHA 
21265,SUNO KAHO ,AAP KI KASAM ,LATA M., KISHORE KUMAR 
21266,SUNO SAJNA PAPEEHE NE ,AAYE DIN BAHAR KE ,LATA MANGESHKAR
21267,SUNO ZARA SUNO ZARA ,BADA DIN ,KUMAR SANU, ALKA YAGNIK 
21268,SURAJ KI GARMI SE ,PARINAY ,SHARMA BANDHU
21269,SURMAYI SHYAAM ,LEKIN ,SURESH WADKAR
21270,TAAL PE JAB ,REFUGEE ,ALKA,SONU NIGAM 
21271,TAARE HAI BAARATI ,VIRASAT ,KUMAR SANU,JASPINDER 
21272,TAARON MEIN SAJKE ,JAL BIN MACHHLI NRITYA BIN BIJLI ,MUKESH
21273,TADBEER SE BIGDI HUI ,BAAZI ,GEETA DUTT ,
21274,TAQAT WATAN KI ,PREM PUJARI ,MOHD. RAFI, MANNA DEY 
21275,TARZAN MY TARZAN ,TARZAN ,ALISHA CHINAI
21276,TAUBA YE MATWAALI CHAAL ,PATTHAR KE SANAM ,MUKESH
21277,TERA JANA ,ANARI ,LATA MANGESHKAR
21278,TERA MERA PYAAR AMAR ,ASLI NAKLI ,LATA MANGESHKAR
21279,TERA MERA RISHTA ,AWARAPAN ,MUSTAFA ZAHID
21280,TERA NAAM LIYA ,RAM LAKHAN ,MANHAR,ANURADHA 
21281,TERE AAGE PEECHHE ,HUM1 TO MOHABBAT KAREGA ,SANU
21282,TERE AAGE PICHHE KAHIN DIL KHO GAYA ,HUM TO MOHABBAT KAREGA ,KUMAR SANU, ALKA YAGNIK 
21283,TERE BAGAIR JANE ,ANARI(1974) ,KISHORE KUMAR
21284,TERE BIN SANU SONIYA ,DELHI HEIGHTS ,RABBI SHERGILL
21285,TERE BIN IK PAL ,AAAB LAUT CHALE ,UDIT, JASPINDER 
21286,TERE BINA JIYA JAAYE NA ,GHAR ,LATA MANGESHKAR
21287,TERE CHEHRE SE NAZAR NAHIN ,KABHI KABHI ,LATA.KISHORE KUMAR
21288,TERE DIL KI TU JAANE ,NAAM ,KAVITA KRISHNAMURTHY
21289,TERE HOTHON KE ,PARAS ,MUKESH, LATA 
21290,TERE ISHQ MEIN ,SUPARI ,MAHALAKSHMI,VISHA 
21291,TERE JEEVAN KA HAIN ,KARMAYOGI ,MANNA DEY
21292,TERE KARAN MERE SAJAN ,AAN MILO SAJNA ,LATA MANGESHKAR
21293,TERE KHUSHBU MEIN BASE ,ARTH ,JAGJIT SINGH
21294,TERE MERE BEECH MEIN ,EK DOOJE KE LIYE ,LATA MANGESHKAR, S.P. BALA 
21295,TERE MERE HOTHON PE ,CHANDNI ,BABLA MEHTA,LATA 
21296,TERE MERE MILAN KIYE RAINA ,ABHIMAAN ,KISHORE KUMAR, LATA 
21297,TERE MERE SAPNE AB ,GUIDE ,MOHD. RAFI
21298,TERE NAINA KYUN BHAR AAYE ,GEET ,LATA MANGESHKAR
21299,TERE PYAAR KI TAMANNA ,TAWAAIF ,MAHENDRA KAPOOR
21300,TERE PYAR KO SALAAM ,GUMRAH(1993 ,ALKA YAGNIK
21301,TERE SUR AUR MERE GEET ,GOONJ UTHI SHEHNAI ,LATA MANGESHKAR
21302,TERI AANKH KE AANSOO ,JAHAN ARA ,TALAT MAHMOOD
21303,TERI AANKHON KE SIVA ,CHIRAAG ,MOHD. RAFI
21304,TERI BINDIYA RE ,ABHIMAAN ,LATA Jl, MOHD. RAFI 
21305,TERI DUNIYA SE ,PAVITRA PATI ,KISHORE KUMAR
21306,TERI DUNIYA SE DOOR ,ZABAK ,MO. RAFI. LATA MANGESHKAR
21307,TERI GALIYON MEIN NA ,HAWAS ,MOHD. RAFI
21308,TERI HAI ZAMEEN TERA AASMAA ,THE BURNING TRAIN ,SUSHMA SHRESHTHA, PADMINI 
21309,TERI RAB NE BANA DI ,SUHAAG ,ASHA,RAFI.SHAILENDRA 
21310,TERI YAAD AA RAHI HAI ,LOVE STORY ,LATA, AMIT KUMAR 
21311,TERI YAAD DIL SE ,HARIYALI AUR RASTA ,MUKESH
21312,THANDE THANDE PAANI SE ,PATI PATNI AUR WOH ,ASHA.MAHENDRA,SUSHMA 
21313,THANDI HAWA KALI GHATA ,MR & MRS. 55 ,GEETA DUTT
21314,THANDI THANDI HAWA MEIN ,PRINCE ,LATA MANGESHKAR
21315,THI MERI DAASTAN ,KALYUG ,ANURADHA PAUDWAL
21316,THODA RUK JAYEGI TO ,PATANGA ,MOHD. RAFI
21317,THODA SA PAGLA THODA SAYANA ,AUR PYAR HO GAYA ,ASHA BHOSLE
21318,TO PHIR AAO ,AWARAPAN ,MUSTAFA ZAHID
21319,TOOT GAYA TOOT GAYA ,GOONJ UTHI SHEHNAAYI ,LATA MANGESHKAR
21320,TORA MAN DARPAN ,KAJAL ,ASHA BHOSLE
21321,TOTA MAINA KI KAHAANI ,FAKIRA ,KISHORE KUMAR, LATA 
21322,TU HI MERI SHAB HAI ,GANGSTER ,K.K.
21323,TU HINDU BANEGA NA ,DHOOL KA PHOOL ,MOHD. RAFI
21324,TUIS TARAH SE ,AAP TO AISE NATHE ,USHA KHANNA, MANHA UDHAS 
21325,TU JAHAAN JAHAAN CHALEGA ,MERA SAAYA ,LATA MANGESHKAR
21326,TU JAHAN BHI CHALEGA ,CHAMELI KI SHAADI ,ASHA BHOSLE
21327,TU KAHAAN YE BATA ,TERE GHAR KI SAAMNE ,MOHD. RAFI
21328,TU KAHAN GAYI THI ,DHARAM KARAM ,LATA JI. KISHORE KUMAR
21329,TU KAHE AGAR ,ANDAAZ ,MUKESH
21330,TU KAL CHALA JAAYEGA ,NAAM ,MANHAR UDHAS, MOHD. AZIZ 
21331,TU KITNI ACHHI HAI ,RAJA AUR RUNK ,LATA MANGESHKAR
21332,TU KYA JAANE WAFA 0 BEWAFA 0 BEWAFA ,HAATH KI SAFAI ,LATA MANGESHKAR
21333,TU MERA CHAND ,DILLAGI(1949) ,SURAIYA,SHYAM 
21334,TU MERA MAIN TERI ,PYAR HI PYAR ,ASHA,MOHD. RAFI 
21335,TU MERE SAAMNE ,DARR ,LATA JI, UDIT NARAYAN 
21336,TU MERE SAPNO KI RANI BANEGI ,GORA AUR KALA ,MOHD. RAFI
21337,TU MILE DIL KHILE ,CRIMINAL ,KUMAR SANU
21338,TU MUJHE SUNA ,CHANDNI ,SURESH, NITIN MUKESH
21339,TU NA MILITO HUM JOGI ,VICTORIA NO.203 ,KISHORE KUMAR
21340,TU NAHI TO ZINDAGI MEIN ,ARTH ,CHITRA SINGH
21341,TU PEE AUR JEE ,DES PARDES ,KISHORE KUMAR
21342,TU PYAAR TU PREET ,PARAAYA DHAN ,LATA, KISHORE KUMAR 
21343,TU PYAR KA SAGAR HAI ,SEEMA ,MOHD. RAFI
21344,TU SONI KUDI JADU KI PUDI ,AARZ00 ,UDIT NARAYAN, ANU MALIK 
21345,TUJH MEIN KYA HAI ,BADE DIL WALA ,LATA.KISHORE KUMAR
21346,TUJH SANG PREET LAGAY| SAJNA ,KAAM CHOR ,LATA MANGESHKAR, KISHORE 
21347,TUJHE BULAYEN YEH MERI ,RAM TERI GANGA MAILI ,LATA MANGESHKAR
21348,TUJHE CHAAND CHAHIYE ,SUPARI ,VISHAL, SUNIDHI 
21349,TUJHE DENE KO ,KUDRAT(1998) ,ABHIJEET,KAVITA 
21350,TUJHE JEEVAN KI DOR SE ,ASLI NAKLI ,LATA JI, MOHD. RAFI 
21351,TUJHKO RAKKHE RAM ,AANKHEN ,ASHA,MANNA DEY 
21352,TUJHSE NARAZ NAHIN ,MAASUM ,LATA MANGESHKAR
21353,TUKDE HAIN MERE DIL KE AE YAAR ,MERE SANAM ,MOHD. RAFI
21354,TUM AA GAYE HO ,AANDHI ,LATA Jl. KISHORE KUMAR
21355,TUM AGAR SAATH DENE KA ,HUMRAAZ ,MAHENDRA KAPOOR
21356,TUM BHI CHALO HUM BHI CHALE ,ZAMEER ,KISHORE KUMAR
21357,TUM BIN JAAOON KAHAN ,DIL VIL PYAR VYAR ,BABUL CHAKRABORTHY
21358,TUM HAMSE MILO ,MERE HUMSAFAR ,LATA MANGESHKAR
21359,TUM ITNA J0 ,ARTH ,JAGJEET SINGH
21360,TUM J0 MIL GAYE HO ,HANSTE ZAKHM ,MOHD. RAFI
21361,TUM KHOOBSURAT HO ,PREM ,NALIN DAVE
21362,TUM KO DEKHA TO YEH ,SAATH SAATH ,JAGJIT SINGH
21363,TUM LADKI HO ,MAINE PYAR KIYA ,LATA, USHA
21364,TUM NA JAANE KIS JAHAAN ,SAZAA ,LATA MANGESHKAR
21365,TUM NE DI AWAAZ ,BETAAB ,SHABBIR KUMAR
21366,TUM PUKAAR LO ,KHAMOSHI ,HEMANT KUMAR
21367,TUM SAIYAN GULAB KE PHOOL ,NAVRANG ,ASHA BHOSLE
21368,TUM SE ACHCHHA KAUN HAI ,TUM SE ACHCHHA KAUN HAI ,MOHD. RAFI
21369,TUM SE BADHAKAR DUNIYA MEIN ,KAAMCHOR ,KISHORE, ALKA YAGNIK 
21370,TUM SE MUJHE PYAR KYUN HO GAYA ,NA TUM JAANO NA HUM ,KAMAAL KHAN
21371,TUM SE 0 HASINA ,FARZ ,MOHD. RAFI, SUMAN K. 
21372,TUM SUNDAR HO ,KATHA ,WINNIE, PREETI 
21373,TUM YAAD NA AAYA KARO ,JEENE NAHIN DOONGA ,LATA, SHABBIR KUMAR 
21374,TUMHAARI NAZAR KYUN KHAFA ,DO KALIYAAN ,LATA MANGESHKAR, MOHD. RAFI 
21375,TUMHARI NAZARON MEIN ,KAL KI AWAAZ ,KUMAR SANU, ASHA 
21376,TUMHE AAJ MAINE J0 DEKHA ,KUCH NAA KAHO ,SHANKAR,SUJATA 
21377,TUMHE YAAD KARTE KARTE ,AMRAPALI ,LATA MANGESHKAR
21378,TUMHEN DIL MAIN BAND KAR LUN ,AAS PAAS ,LATA JI, KISHORE KUMAR 
21379,TUMHEN HO NAHO ,GHARONDA ,RUNA LAILA ,
21380,TUMHEN KAISE ,DASTAK(1996) ,ABHIJEET ,
21381,TUMHI MERE MANDIR ,KHANDAAN ,LATA MANGESHKAR
21382,TUMKO KHUSH DEKHKAR MAIN BAHUT KHUSH HUA ,AAP KE DEEWANE ,RAFI,KISHORE 
21383,TUMKO MUHOBBAT HO GAYI ,HAATH KI SAFAI ,LATA, KISHORE KUMAR 
21384,TUMNE KISI SE KABHI PYAAR KIYA HAI ,DHARMATMA ,MUKESH,KANCHAN 
21385,TUMNE MUJHE DEKHA ,TEESRI MANZIL ,MOHD. RAFI
21386,TUMSE ACHCHHA KAUN HAI ,TUMSE ACHCHHA KAUN HAI ,TAUSEEF AKHTAR
21387,TUMSE BICHHAD KAR ,MAHARAJA ,LATA MANGESHKAR
21388,TUMSE DOOR REHKE ,ADALAT ,MOHD.RAFI, LATA 
21389,TUNE ABHI DEKHA NAHIN ,DO AUR DO PAANCH ,KISHORE KUMAR
21390,TUNE MUJHE BULAYA SHERA WALIYE ,ASHA ,NARENDRA CHANCHAL
21391,TUNE 0 RANGEELE KAISA JAADU KIYA ,KUDRAT ,LATA MANGESHKAR
21392,TUNNA TUNNA ,DUSHMAN ,SHANKAR MAHADEVAN
21393,UDE JAB JAB ZULFEN ,NAYA DAUR ,ASHA BHOSLE, MOHD. RAFI 
21394,UFF YUN MAA ,JAB PYAR KISI SE HOTA HAI ,LATA,MOHD. RAFI 
21395,UNSE MILI NAZAR ,JHUK GAYA AASMAN ,LATA MANGESHKAR
21396,UPAR WALE TERA JAWAB ,AVTAAR ,KISHORE KUMAR
21397,UTHE SABKE KADAM ,BAATON BAATON MEIN ,LATA MANGESHKAR
21398,VAADA KAR LE SAJANA ,HAATH KI SAFAAI ,LATA MANGESHKAR, MOHD. RAFI 
21399,VANDEMAATARAM ,ANAND MATH ,LATA MANGESHKAR
21400,VERIYA VE KIYA KYA ,NAAM ,LATA MANGESHKAR
21401,WADIYAN MERA DAMAN ,ABHILASHA ,MOHD.RAFI
21402,WAFAA JINSE KI BEWAFAA HO GAYE ,PYAR KA SAAGAR ,MUKESH
21403,WAH JI WAH ,DUPLICATE ,KUMAR SANU,KAVITA 
21404,WAH WAH RAM JI ,HUM AAPKE HAIN KAUN ,S.P. BALA
21405,WAHAN KAUN HAI TERA ,GUIDE ,S.D. BURMAN
21406,WAQT NE KIYA ,KAGAZ KE PHOOL ,GEETA DUTT
21407,WAQT SE PEHLE ,BIWI BIWI ,KISHORE KUMAR
21408,wo CHAAND KHILA ,ANARI ,LATA MANGESHKAR
21409,wo HAIN ZARA KHAFA KHAFA ,SHAAGIRD ,MO. RAFI LATA MANGESHKAR
21410,wo JAB YAAD AAYE ,PARASMANI ,MOHD.RAFI,LATA 
21411,wo LAMHE wo BAATEN ,ZEHAR ,AATIF ,
21412,WOH DEKHO JALA GHAR KISI KA ,ANPADH ,LATA MANGESHKAR
21413,WOH PAAS RAHE YA ,BADI BEHEN ,SURAIYYA
21414,WOH SHAAM KUCHH AJEEB TH| ,KHAMOSHI ,KISHORE KUMAR
21415,YAALI ,GANGSTER ,ZUBEEN
21416,YA DIL KI SUNO DUNIYAAN WALON ,ANUPAMA ,HEMANT KUMAR
21417,YAAD AA RAHA HAL ,DISCO DANCER ,BAPPI LAHIRI
21418,YAAD AANEWALE ,DHUN ,TALAT AZIZ
21419,YAAD KIYA DIL NE ,PATITA ,LATA JI, HEMANT KUMAR 
21420,YAAD NA JAAYE ,DIL EK MANDIR ,MOHD. RAFI
21421,YAADON KI BARAAT ,DIL VIL PYAR VYAR ,KUMAR SANU
21422,YAARA 0 YAARA ,RAM TERI GANGA MAILI ,LATA,SURESH WADKAR 
21423,YAARA SILI SILI ,LEKIN ,LATA MANGESHKAR
21424,YAARI HAI IMAAN MERA ,ZANJEER ,MANNA DEY ,
21425,YAHAAN WAHAAN SAARE ,AAN MILO SAJNA ,KISHORE KUMAR
21426,YAHI HAI PYAAR ,AA AB LAUT CHALE ,UDIT,ALKA
21427,YAHI HAI TAMANNA ,AAP KI PARCHHAIYANN ,MOHD. RAFI
21428,YASHODA KA NANDLALA ,SANJOG ,LATA MANGESHKAR
21429,YASHOMATI MAIYA SE BOLE NANDLAALA ,SATYAM SHIVAM SUNDARAM ,LATA,MANNA DEY 
21430,YE ALBELI PYAR KI RAAHEN ,DHARTI ,MOHD. RAFI
21431,YE CHAAND SA ROSHAN CHEHRA ,KASHMIR KI KALI ,MOHD. RAFI
21432,YE CHAND KOI DEEWANA HAI ,CHHUPA RUSTAM ,KUMAR SANU, ALKA YAGNIK 
21433,YE DIL AUR UNKJ NIGAHON KE SAAYE ,PREM PARBAT ,LATA MANGESHKAR
21434,YE DIL DEEWANA HAI ,ISHQ PAR ZOR NAHIN ,LATA,MOHD. RAFI 
21435,YE DIL NAHI HAI ,AABROO ,MOHD. RAFI
21436,YE DIL TUM BIN ,IZZAT ,LATA, MOHD. RAFI 
21437,YE DUNIYA WALE ,MAHAL(1969) ,ASHA,KISHORE KUMAR 
21438,YE DUNIYA YE MEHAFIL ,HEER RANJHA ,MOHD. RAFI
21439,YE HAI BOMBEY MERI JAAN ,C.I.D. ,MOHD. RAFI, GEETA DUTT 
21440,YE HAI RESHMI ZULFON KA ,MERE SANAM ,ASHA BHOSLE
21441,YE HARIYAALI AUR YE RAASTA ,HARIYALI AUR RASTA ,LATA MANGESHKAR
21442,YE JO CHILMAN ,MEHBOOB KI MEHNDI ,MOHD. RAFI
21443,YE KAHAN AA GAYE HUM ,SILSILA ,LATA,AMITABH BACHCHAN 
21444,YE KAISI MULAQAT HAI ,AAAB LAUT CHALEN ,KUMAR SANU,ALKA 
21445,YE KALI JAB TALAK ,AAYE DIN BAHAR KE ,MAHENDRA KAPOOR, LATA JI 
21446,YE LAAL RANG KAB MUJHE ,PREM SAAGAR ,KISHORE KUMAR
21447,YE LAMHA FILHAAL JILENE DE ,FILHAAL ,ASHA BHOSLE
21448,YE LO MAIN HARI ,AAR PAAR ,GEETA DUTT
21449,YE MAUSAM BHEEGA BHEEGA HAI ,DHARTI ,LATA.MOHD. RAFI
21450,YE MERA DEEWANAPAN HAI ,YAHUDI ,MUKESH
21451,YE MERA DIL ,DON ,ASHA BHOSLE
21452,YE NAYI NAYI PREET HAI ,POCKETMAAR ,LATA JI, TALAT MEHMOOD 
21453,YE RESHAMEE JULFEN ,DO RAASTE ,MOHD. RAFI
21454,YE SAFAR BAHUT HAI KATHIN MAGAR ,1942 A LOVE STORY ,SHIVAJI CHATOPADHYAYA
21455,YE SAMA SAMA HAL YE PYAAR KA ,JAB. JAB PHOOL KHILE ,LATA MANGESHKAR
21456,YE SHAAM MASTANI ,KATI PATANG ,KISHORE KUMAR
21457,YE WADIYAN YE FIZAEN ,AAJ AUR KAL ,MOHD. RAFI
21458,YE ZINDAGI USI KI HAI ,ANARKALI ,LATA MANGESHKAR
21459,YE ZULF KAISI HAI ,PYAR KA GHAR ,LATA Jl, MOHD. RAFI 
21460,YEH ANDHAA KANOON ,ANDHA KAANOON ,KISHORE KUMAR
21461,YEH BATA DE MUJHE ,SAATH SAATH ,JAGJIT SINGH,CHITRA 
21462,YEH DAMAN AB NA ,BAHARON KI MANZIL ,LATA MANGESHKAR
21463,YEH DHUAN ,CHARAS ,MAHALAXMI IYER
21464,YEH DIL NA HOTA BECHARA ,JEWEL THIEF ,KISHORE KUMAR
21465,YEH DUNIYA AGAR MIL BHI ,PYAASA ,MOHD. RAFI
21466,YEH JEEWAN HAI ,PIYA KA GHAR ,KISHORE KUMAR
21467,YEH J0 MOHABBAT HAI ,KATI PATANG ,KISHORE KUMAR
21468,YEH KAISA AAYA ZAMANA ,HUMJOLI ,KISHORE,MUKESH 
21469,YEH KANYA KUNWAARI HAI ,AAG ,ALKA, SUDESH HARIHARAN 
21470,YEH KAUN AAYA ,BAAZI(1951) ,GEETA DUTT
21471,YEH KYA HUA ,TAMANNA ,KUMAR SANU, ALKA 
21472,YEH KYA HUA KAISE HUA ,AMAR PREM ,KISHORE KUMAR
21473,YEH KYA KAR DALA TUNE ,HOWRAH BRIDGE ,ASHA BHOSLE
21474,YEH LADKA HAAY ALLAH ,HUM KISI SE KUM NAHIN ,ASHA, MOHD.RAFI 
21475,YEH MAUSAM KA JAADU HAI ,HUM AAPKE HAIN KAUN ,LATA JI, S.P BALA 
21476,YEH MEHKI THANDI HAWA ,BOMBAY TO GOA ,CHORUS
21477,YEH MERA PREM PATRA PADHKAR ,SANGAM ,MOHD. RAFI
21478,YEH PARDA HATA DO ,EK PHOOL DO MAALI ,MOHD. RAFI, ASHA BHOSLE 
21479,YEH PYAAR THA YA KUCH AUR THA ,PREM ROG ,SUDHA MALHOTRA.ANWAR
21480,YEH RAAT ,AKS ,ANUPAMA
21481,YEH RAAT YEH BARSAT ,AWAAM ,MAHENDRA KAPOOR ASHA BHOSLE
21482,YEH RAATEN YEH MAUSAM ,DILLI KA THUG ,ASHA,KISHORE KUMAR 
21483,YEH SHAMA TO JALI ,AAYA SAWAN JHOOM KE ,MOHD. RAFI
21484,YEH SILSILA PYAR SE CHALA ,ZAHREELA INSAAN ,ASHA BHOSLE
21485,YEH TERA GHAR YEH ,SAATH SAATH ,JAGJIT SINGH,CHITRA 
21486,YEH TO SACH HAI KE BHAGWAN HAI ,HUM SAATH SAATH HAI ,HARIHARAN,PRATIMA RAO 
21487,YEH ZINDAGI HAI EK JUA ,ZINDAGI EK JUA ,ASHA BHOSLE
21488,YEH ZINDAGI KA SAFAR ,GUMRAH(1993) ,TALAT AZIZ, KAVITA 
21489,YUN HASRATON KE ,ADALAT ,LATA MANGESHKAR
21490,YUN ROOTHO NA HASEENA ,NEEND HAMARI KHWAB TUMHARE ,MOHD. RAFI
21491,ZAMANA TO HAI NAUKAR BIWI KA ,NAUKAR BIWI KA ,KISHORE KUMAR
21492,ZARA NAZRON SE ,BEES SAAL BAAD ,HEMANT KUMAR
21493,ZARA SA JHOOM LU ,DILWALE DULHANIYA LE JAAYENGE ,ASHA BHOSLE. UDIT NARAYAN
21494,ZARA ZARA BEHAKTA HAI ,REHNA HAI TERE DIL MEIN ,BOMBAY JAYSHREE
21495,ZARURAT HAI ZARURAT HAI ,MANMAUJI ,KISHORE KUMAR
21496,ZINDAGI BAN GAYE HO TUM ,KASOOR ,ALKA, UDIT 
21497,ZINDAGI BHAR NAHI BHOOL EGI WOH ,KAUN APNA KAUN PARAYA ,MOHD. RAFI, ASHA BHOSLE
21498,ZINDAGI EK SAFAR HAI SUHANA ,ANDAAZ ,KISHORE KUMAR 
21499,ZINDAGI GUZARNE KO SAATHI EK CHAHIYE ,EK MAHAL HO SAPNO KA ,MOHD.RAFI 
21500,ZINDAGI HANSNE GAANE KE LIYE HAI ,ZAMEER ,KISHOR KUMAR 
21501,ZINDAGI HAR KADAM ,MERI JUNG ,SHABBIR KUMAR, LATA JI 
21502,ZINDAGI ITTEFAK HAI ,AADMI AUR INSAAN ,ASHA JI, MAHENDRA KAPOOR 
21503,ZINDAGI KA SAFAR ,SAFAR ,KISHORE KUMAR 
21504,ZINDAGI KAISI HAI ,ANAND ,MANNA DEY 
21505,ZINDAGI KE RANG HAI ,AADMI AUR INSAAN ,ASHA BHOSLE 
21506,ZINDAGI KE SAFAR MEIN GUZAR JATE HAIN ,AAP KI KASAM ,KISHORE KUMAR 
21507,ZINDAGI KHWAAB HAI ,JAAGTE RAHO ,MUKESH 
21508,ZINDAGI KI NA TOOTE LADI ,KRANTI ,LATA MANGESHKAR,NITIN MUKESH 
21509,ZINDAGI KYA HAI ,AMRIT ,KISHORE KUMAR 
21510,ZINDAGI MERE GHAR AANA ,DOORIYAN ,ANURADHA P., BHUPINDER 
21511,ZINDAGI PYAR KA GEET HAI ,SOUTEN ,LATA MANGESHKAR 
21512,ZUMBALIKA ZUMBALIKA ,TAQSHAK ,ALISHA, SHANKAR 